ride_id,train_name,station,destination_station,departure_time_origin,day_of_week,hour_of_day,delay_at_dest,time_hour,time,temp_celsius,humidity,wind_speed,weather,rain_amount,snow_amount
-1028270319216920413-2504121732,ICE 1695,Nürnberg Hbf,Augsburg Hbf,2025-04-12 17:32:00,5,17,8,2025-04-12 17:00:00,2025-04-12 17:00:00,21.11,32.0,3.6,clear sky,0.0,0.0
-1028270319216920413-2504121732,ICE 1695,Nürnberg Hbf,München Hbf,2025-04-12 17:32:00,5,17,12,2025-04-12 17:00:00,2025-04-12 17:00:00,21.11,32.0,3.6,clear sky,0.0,0.0
-1028270319216920413-2504121732,ICE 1695,Augsburg Hbf,München Hbf,2025-04-12 18:48:00,5,18,12,2025-04-12 18:00:00,2025-04-12 18:00:00,19.83,34.0,2.57,clear sky,0.0,0.0
-1028270319216920413-2504131732,ICE 1695,Nürnberg Hbf,Augsburg Hbf,2025-04-13 17:32:00,6,17,2,2025-04-13 17:00:00,2025-04-13 17:00:00,18.85,55.0,2.57,scattered clouds,0.0,0.0
-1028270319216920413-2504131732,ICE 1695,Nürnberg Hbf,München Hbf,2025-04-13 17:32:00,6,17,-1,2025-04-13 17:00:00,2025-04-13 17:00:00,18.85,55.0,2.57,scattered clouds,0.0,0.0
-1028270319216920413-2504131732,ICE 1695,Augsburg Hbf,München Hbf,2025-04-13 18:48:00,6,18,-1,2025-04-13 18:00:00,2025-04-13 18:00:00,16.82,59.0,3.6,clear sky,0.0,0.0
-1028270319216920413-2504141732,ICE 1695,Nürnberg Hbf,Augsburg Hbf,2025-04-14 17:32:00,0,17,0,2025-04-14 17:00:00,2025-04-14 17:00:00,19.0,55.0,1.54,few clouds,0.0,0.0
-1028270319216920413-2504141732,ICE 1695,Nürnberg Hbf,München Hbf,2025-04-14 17:32:00,0,17,0,2025-04-14 17:00:00,2025-04-14 17:00:00,19.0,55.0,1.54,few clouds,0.0,0.0
-1028270319216920413-2504141732,ICE 1695,Augsburg Hbf,München Hbf,2025-04-14 18:48:00,0,18,0,2025-04-14 18:00:00,2025-04-14 18:00:00,17.91,59.0,3.09,few clouds,0.0,0.0
-1028270319216920413-2504151732,ICE 1695,Nürnberg Hbf,Augsburg Hbf,2025-04-15 17:32:00,1,17,20,2025-04-15 17:00:00,2025-04-15 17:00:00,17.01,68.0,5.14,light intensity shower rain,3.16,0.0
-1028270319216920413-2504151732,ICE 1695,Nürnberg Hbf,München Hbf,2025-04-15 17:32:00,1,17,18,2025-04-15 17:00:00,2025-04-15 17:00:00,17.01,68.0,5.14,light intensity shower rain,3.16,0.0
-1028270319216920413-2504151732,ICE 1695,Augsburg Hbf,München Hbf,2025-04-15 18:48:00,1,18,18,2025-04-15 18:00:00,2025-04-15 18:00:00,19.82,56.0,2.57,scattered clouds,0.0,0.0
-1028270319216920413-2504161732,ICE 1695,Nürnberg Hbf,Augsburg Hbf,2025-04-16 17:32:00,2,17,0,2025-04-16 17:00:00,2025-04-16 17:00:00,25.05,29.0,6.17,clear sky,0.0,0.0
-1028270319216920413-2504161732,ICE 1695,Nürnberg Hbf,München Hbf,2025-04-16 17:32:00,2,17,0,2025-04-16 17:00:00,2025-04-16 17:00:00,25.05,29.0,6.17,clear sky,0.0,0.0
-1028270319216920413-2504161732,ICE 1695,Augsburg Hbf,München Hbf,2025-04-16 18:48:00,2,18,0,2025-04-16 18:00:00,2025-04-16 18:00:00,22.82,31.0,5.66,clear sky,0.0,0.0
-1028270319216920413-2504171732,ICE 1695,Nürnberg Hbf,Augsburg Hbf,2025-04-17 17:32:00,3,17,4,2025-04-17 17:00:00,2025-04-17 17:00:00,17.87,65.0,4.63,clear sky,0.0,0.0
-1028270319216920413-2504171732,ICE 1695,Nürnberg Hbf,München Hbf,2025-04-17 17:32:00,3,17,4,2025-04-17 17:00:00,2025-04-17 17:00:00,17.87,65.0,4.63,clear sky,0.0,0.0
-1028270319216920413-2504171732,ICE 1695,Augsburg Hbf,München Hbf,2025-04-17 18:48:00,3,18,4,2025-04-17 18:00:00,2025-04-17 18:00:00,11.78,76.0,6.17,overcast clouds,0.0,0.0
-1028270319216920413-2504181732,ICE 1695,Nürnberg Hbf,Augsburg Hbf,2025-04-18 17:32:00,4,17,9,2025-04-18 17:00:00,2025-04-18 17:00:00,8.98,79.0,4.63,light rain,0.15,0.0
-1028270319216920413-2504181732,ICE 1695,Nürnberg Hbf,München Hbf,2025-04-18 17:32:00,4,17,7,2025-04-18 17:00:00,2025-04-18 17:00:00,8.98,79.0,4.63,light rain,0.15,0.0
-1028270319216920413-2504181732,ICE 1695,Augsburg Hbf,München Hbf,2025-04-18 18:48:00,4,18,7,2025-04-18 18:00:00,2025-04-18 18:00:00,8.96,71.0,2.06,overcast clouds,0.0,0.0
-1028270319216920413-2504191732,ICE 1695,Nürnberg Hbf,Augsburg Hbf,2025-04-19 17:32:00,5,17,0,2025-04-19 17:00:00,2025-04-19 17:00:00,18.02,47.0,1.54,clear sky,0.0,0.0
-1028270319216920413-2504191732,ICE 1695,Nürnberg Hbf,München Hbf,2025-04-19 17:32:00,5,17,0,2025-04-19 17:00:00,2025-04-19 17:00:00,18.02,47.0,1.54,clear sky,0.0,0.0
-1028270319216920413-2504191732,ICE 1695,Augsburg Hbf,München Hbf,2025-04-19 18:48:00,5,18,0,2025-04-19 18:00:00,2025-04-19 18:00:00,18.91,39.0,2.57,clear sky,0.0,0.0
-1028270319216920413-2504201732,ICE 1695,Nürnberg Hbf,Augsburg Hbf,2025-04-20 17:32:00,6,17,0,2025-04-20 17:00:00,2025-04-20 17:00:00,20.99,49.0,6.69,clear sky,0.0,0.0
-1028270319216920413-2504201732,ICE 1695,Nürnberg Hbf,München Hbf,2025-04-20 17:32:00,6,17,0,2025-04-20 17:00:00,2025-04-20 17:00:00,20.99,49.0,6.69,clear sky,0.0,0.0
-1028270319216920413-2504201732,ICE 1695,Augsburg Hbf,München Hbf,2025-04-20 18:48:00,6,18,0,2025-04-20 18:00:00,2025-04-20 18:00:00,14.77,58.0,10.8,clear sky,0.0,0.0
-1028270319216920413-2504211732,ICE 1695,Nürnberg Hbf,Augsburg Hbf,2025-04-21 17:32:00,0,17,0,2025-04-21 17:00:00,2025-04-21 17:00:00,18.99,37.0,2.06,clear sky,0.0,0.0
-1028270319216920413-2504211732,ICE 1695,Nürnberg Hbf,München Hbf,2025-04-21 17:32:00,0,17,0,2025-04-21 17:00:00,2025-04-21 17:00:00,18.99,37.0,2.06,clear sky,0.0,0.0
-1028270319216920413-2504211732,ICE 1695,Augsburg Hbf,München Hbf,2025-04-21 18:48:00,0,18,0,2025-04-21 18:00:00,2025-04-21 18:00:00,15.82,51.0,2.06,few clouds,0.0,0.0
-1029224351861462659-2504180740,ICE 2570,Frankfurt(Main)Hbf,Kassel-Wilhelmshöhe,2025-04-18 07:40:00,4,7,14,2025-04-18 07:00:00,2025-04-18 07:00:00,8.12,90.0,4.12,overcast clouds,0.0,0.0
-1029224351861462659-2504180740,ICE 2570,Frankfurt(Main)Hbf,Göttingen,2025-04-18 07:40:00,4,7,13,2025-04-18 07:00:00,2025-04-18 07:00:00,8.12,90.0,4.12,overcast clouds,0.0,0.0
-1029224351861462659-2504180740,ICE 2570,Frankfurt(Main)Hbf,Hildesheim Hbf,2025-04-18 07:40:00,4,7,12,2025-04-18 07:00:00,2025-04-18 07:00:00,8.12,90.0,4.12,overcast clouds,0.0,0.0
-1029224351861462659-2504180740,ICE 2570,Frankfurt(Main)Hbf,Braunschweig Hbf,2025-04-18 07:40:00,4,7,10,2025-04-18 07:00:00,2025-04-18 07:00:00,8.12,90.0,4.12,overcast clouds,0.0,0.0
-1029224351861462659-2504180740,ICE 2570,Frankfurt(Main)Hbf,Wolfsburg Hbf,2025-04-18 07:40:00,4,7,9,2025-04-18 07:00:00,2025-04-18 07:00:00,8.12,90.0,4.12,overcast clouds,0.0,0.0
-1029224351861462659-2504180740,ICE 2570,Frankfurt(Main)Hbf,Berlin-Spandau,2025-04-18 07:40:00,4,7,19,2025-04-18 07:00:00,2025-04-18 07:00:00,8.12,90.0,4.12,overcast clouds,0.0,0.0
-1029224351861462659-2504180740,ICE 2570,Frankfurt(Main)Hbf,Berlin Hbf,2025-04-18 07:40:00,4,7,18,2025-04-18 07:00:00,2025-04-18 07:00:00,8.12,90.0,4.12,overcast clouds,0.0,0.0
-1029224351861462659-2504180740,ICE 2570,Frankfurt(Main)Hbf,Berlin Südkreuz,2025-04-18 07:40:00,4,7,16,2025-04-18 07:00:00,2025-04-18 07:00:00,8.12,90.0,4.12,overcast clouds,0.0,0.0
-1029224351861462659-2504180740,ICE 2570,Kassel-Wilhelmshöhe,Göttingen,2025-04-18 09:49:00,4,9,13,2025-04-18 09:00:00,2025-04-18 09:00:00,6.72,93.0,5.66,overcast clouds,0.0,0.0
-1029224351861462659-2504180740,ICE 2570,Kassel-Wilhelmshöhe,Hildesheim Hbf,2025-04-18 09:49:00,4,9,12,2025-04-18 09:00:00,2025-04-18 09:00:00,6.72,93.0,5.66,overcast clouds,0.0,0.0
-1029224351861462659-2504180740,ICE 2570,Kassel-Wilhelmshöhe,Braunschweig Hbf,2025-04-18 09:49:00,4,9,10,2025-04-18 09:00:00,2025-04-18 09:00:00,6.72,93.0,5.66,overcast clouds,0.0,0.0
-1029224351861462659-2504180740,ICE 2570,Kassel-Wilhelmshöhe,Wolfsburg Hbf,2025-04-18 09:49:00,4,9,9,2025-04-18 09:00:00,2025-04-18 09:00:00,6.72,93.0,5.66,overcast clouds,0.0,0.0
-1029224351861462659-2504180740,ICE 2570,Kassel-Wilhelmshöhe,Berlin-Spandau,2025-04-18 09:49:00,4,9,19,2025-04-18 09:00:00,2025-04-18 09:00:00,6.72,93.0,5.66,overcast clouds,0.0,0.0
-1029224351861462659-2504180740,ICE 2570,Kassel-Wilhelmshöhe,Berlin Hbf,2025-04-18 09:49:00,4,9,18,2025-04-18 09:00:00,2025-04-18 09:00:00,6.72,93.0,5.66,overcast clouds,0.0,0.0
-1029224351861462659-2504180740,ICE 2570,Kassel-Wilhelmshöhe,Berlin Südkreuz,2025-04-18 09:49:00,4,9,16,2025-04-18 09:00:00,2025-04-18 09:00:00,6.72,93.0,5.66,overcast clouds,0.0,0.0
-1029224351861462659-2504180740,ICE 2570,Göttingen,Hildesheim Hbf,2025-04-18 10:09:00,4,10,12,2025-04-18 10:00:00,2025-04-18 10:00:00,7.69,92.0,3.9,overcast clouds,0.0,0.0
-1029224351861462659-2504180740,ICE 2570,Göttingen,Braunschweig Hbf,2025-04-18 10:09:00,4,10,10,2025-04-18 10:00:00,2025-04-18 10:00:00,7.69,92.0,3.9,overcast clouds,0.0,0.0
-1029224351861462659-2504180740,ICE 2570,Göttingen,Wolfsburg Hbf,2025-04-18 10:09:00,4,10,9,2025-04-18 10:00:00,2025-04-18 10:00:00,7.69,92.0,3.9,overcast clouds,0.0,0.0
-1029224351861462659-2504180740,ICE 2570,Göttingen,Berlin-Spandau,2025-04-18 10:09:00,4,10,19,2025-04-18 10:00:00,2025-04-18 10:00:00,7.69,92.0,3.9,overcast clouds,0.0,0.0
-1029224351861462659-2504180740,ICE 2570,Göttingen,Berlin Hbf,2025-04-18 10:09:00,4,10,18,2025-04-18 10:00:00,2025-04-18 10:00:00,7.69,92.0,3.9,overcast clouds,0.0,0.0
-1029224351861462659-2504180740,ICE 2570,Göttingen,Berlin Südkreuz,2025-04-18 10:09:00,4,10,16,2025-04-18 10:00:00,2025-04-18 10:00:00,7.69,92.0,3.9,overcast clouds,0.0,0.0
-1029224351861462659-2504180740,ICE 2570,Hildesheim Hbf,Braunschweig Hbf,2025-04-18 10:37:00,4,10,10,2025-04-18 10:00:00,2025-04-18 10:00:00,8.45,100.0,3.82,overcast clouds,0.0,0.0
-1029224351861462659-2504180740,ICE 2570,Hildesheim Hbf,Wolfsburg Hbf,2025-04-18 10:37:00,4,10,9,2025-04-18 10:00:00,2025-04-18 10:00:00,8.45,100.0,3.82,overcast clouds,0.0,0.0
-1029224351861462659-2504180740,ICE 2570,Hildesheim Hbf,Berlin-Spandau,2025-04-18 10:37:00,4,10,19,2025-04-18 10:00:00,2025-04-18 10:00:00,8.45,100.0,3.82,overcast clouds,0.0,0.0
-1029224351861462659-2504180740,ICE 2570,Hildesheim Hbf,Berlin Hbf,2025-04-18 10:37:00,4,10,18,2025-04-18 10:00:00,2025-04-18 10:00:00,8.45,100.0,3.82,overcast clouds,0.0,0.0
-1029224351861462659-2504180740,ICE 2570,Hildesheim Hbf,Berlin Südkreuz,2025-04-18 10:37:00,4,10,16,2025-04-18 10:00:00,2025-04-18 10:00:00,8.45,100.0,3.82,overcast clouds,0.0,0.0
-1029224351861462659-2504180740,ICE 2570,Braunschweig Hbf,Wolfsburg Hbf,2025-04-18 11:03:00,4,11,9,2025-04-18 11:00:00,2025-04-18 11:00:00,9.0,92.0,3.6,overcast clouds,0.0,0.0
-1029224351861462659-2504180740,ICE 2570,Braunschweig Hbf,Berlin-Spandau,2025-04-18 11:03:00,4,11,19,2025-04-18 11:00:00,2025-04-18 11:00:00,9.0,92.0,3.6,overcast clouds,0.0,0.0
-1029224351861462659-2504180740,ICE 2570,Braunschweig Hbf,Berlin Hbf,2025-04-18 11:03:00,4,11,18,2025-04-18 11:00:00,2025-04-18 11:00:00,9.0,92.0,3.6,overcast clouds,0.0,0.0
-1029224351861462659-2504180740,ICE 2570,Braunschweig Hbf,Berlin Südkreuz,2025-04-18 11:03:00,4,11,16,2025-04-18 11:00:00,2025-04-18 11:00:00,9.0,92.0,3.6,overcast clouds,0.0,0.0
-1029224351861462659-2504180740,ICE 2570,Wolfsburg Hbf,Berlin-Spandau,2025-04-18 11:20:00,4,11,19,2025-04-18 11:00:00,2025-04-18 11:00:00,8.95,99.0,3.68,overcast clouds,0.0,0.0
-1029224351861462659-2504180740,ICE 2570,Wolfsburg Hbf,Berlin Hbf,2025-04-18 11:20:00,4,11,18,2025-04-18 11:00:00,2025-04-18 11:00:00,8.95,99.0,3.68,overcast clouds,0.0,0.0
-1029224351861462659-2504180740,ICE 2570,Wolfsburg Hbf,Berlin Südkreuz,2025-04-18 11:20:00,4,11,16,2025-04-18 11:00:00,2025-04-18 11:00:00,8.95,99.0,3.68,overcast clouds,0.0,0.0
-1029224351861462659-2504180740,ICE 2570,Berlin-Spandau,Berlin Hbf,2025-04-18 12:24:00,4,12,18,2025-04-18 12:00:00,2025-04-18 12:00:00,7.6,98.0,5.61,overcast clouds,0.0,0.0
-1029224351861462659-2504180740,ICE 2570,Berlin-Spandau,Berlin Südkreuz,2025-04-18 12:24:00,4,12,16,2025-04-18 12:00:00,2025-04-18 12:00:00,7.6,98.0,5.61,overcast clouds,0.0,0.0
-1029224351861462659-2504180740,ICE 2570,Berlin Hbf,Berlin Südkreuz,2025-04-18 12:37:00,4,12,16,2025-04-18 12:00:00,2025-04-18 12:00:00,7.6,98.0,5.61,overcast clouds,0.0,0.0
-1029224351861462659-2504190740,ICE 2570,Frankfurt(Main)Hbf,Kassel-Wilhelmshöhe,2025-04-19 07:40:00,5,7,7,2025-04-19 07:00:00,2025-04-19 07:00:00,7.29,91.0,1.54,broken clouds,0.0,0.0
-1029224351861462659-2504190740,ICE 2570,Frankfurt(Main)Hbf,Göttingen,2025-04-19 07:40:00,5,7,7,2025-04-19 07:00:00,2025-04-19 07:00:00,7.29,91.0,1.54,broken clouds,0.0,0.0
-1029224351861462659-2504190740,ICE 2570,Frankfurt(Main)Hbf,Hildesheim Hbf,2025-04-19 07:40:00,5,7,8,2025-04-19 07:00:00,2025-04-19 07:00:00,7.29,91.0,1.54,broken clouds,0.0,0.0
-1029224351861462659-2504190740,ICE 2570,Frankfurt(Main)Hbf,Braunschweig Hbf,2025-04-19 07:40:00,5,7,6,2025-04-19 07:00:00,2025-04-19 07:00:00,7.29,91.0,1.54,broken clouds,0.0,0.0
-1029224351861462659-2504190740,ICE 2570,Frankfurt(Main)Hbf,Wolfsburg Hbf,2025-04-19 07:40:00,5,7,8,2025-04-19 07:00:00,2025-04-19 07:00:00,7.29,91.0,1.54,broken clouds,0.0,0.0
-1029224351861462659-2504190740,ICE 2570,Frankfurt(Main)Hbf,Berlin-Spandau,2025-04-19 07:40:00,5,7,6,2025-04-19 07:00:00,2025-04-19 07:00:00,7.29,91.0,1.54,broken clouds,0.0,0.0
-1029224351861462659-2504190740,ICE 2570,Frankfurt(Main)Hbf,Berlin Hbf,2025-04-19 07:40:00,5,7,8,2025-04-19 07:00:00,2025-04-19 07:00:00,7.29,91.0,1.54,broken clouds,0.0,0.0
-1029224351861462659-2504190740,ICE 2570,Frankfurt(Main)Hbf,Berlin Ostbahnhof,2025-04-19 07:40:00,5,7,15,2025-04-19 07:00:00,2025-04-19 07:00:00,7.29,91.0,1.54,broken clouds,0.0,0.0
-1029224351861462659-2504190740,ICE 2570,Kassel-Wilhelmshöhe,Göttingen,2025-04-19 09:49:00,5,9,7,2025-04-19 09:00:00,2025-04-19 09:00:00,8.72,87.0,1.54,clear sky,0.0,0.0
-1029224351861462659-2504190740,ICE 2570,Kassel-Wilhelmshöhe,Hildesheim Hbf,2025-04-19 09:49:00,5,9,8,2025-04-19 09:00:00,2025-04-19 09:00:00,8.72,87.0,1.54,clear sky,0.0,0.0
-1029224351861462659-2504190740,ICE 2570,Kassel-Wilhelmshöhe,Braunschweig Hbf,2025-04-19 09:49:00,5,9,6,2025-04-19 09:00:00,2025-04-19 09:00:00,8.72,87.0,1.54,clear sky,0.0,0.0
-1029224351861462659-2504190740,ICE 2570,Kassel-Wilhelmshöhe,Wolfsburg Hbf,2025-04-19 09:49:00,5,9,8,2025-04-19 09:00:00,2025-04-19 09:00:00,8.72,87.0,1.54,clear sky,0.0,0.0
-1029224351861462659-2504190740,ICE 2570,Kassel-Wilhelmshöhe,Berlin-Spandau,2025-04-19 09:49:00,5,9,6,2025-04-19 09:00:00,2025-04-19 09:00:00,8.72,87.0,1.54,clear sky,0.0,0.0
-1029224351861462659-2504190740,ICE 2570,Kassel-Wilhelmshöhe,Berlin Hbf,2025-04-19 09:49:00,5,9,8,2025-04-19 09:00:00,2025-04-19 09:00:00,8.72,87.0,1.54,clear sky,0.0,0.0
-1029224351861462659-2504190740,ICE 2570,Kassel-Wilhelmshöhe,Berlin Ostbahnhof,2025-04-19 09:49:00,5,9,15,2025-04-19 09:00:00,2025-04-19 09:00:00,8.72,87.0,1.54,clear sky,0.0,0.0
-1029224351861462659-2504190740,ICE 2570,Göttingen,Hildesheim Hbf,2025-04-19 10:09:00,5,10,8,2025-04-19 10:00:00,2025-04-19 10:00:00,9.02,85.0,1.43,overcast clouds,0.0,0.0
-1029224351861462659-2504190740,ICE 2570,Göttingen,Braunschweig Hbf,2025-04-19 10:09:00,5,10,6,2025-04-19 10:00:00,2025-04-19 10:00:00,9.02,85.0,1.43,overcast clouds,0.0,0.0
-1029224351861462659-2504190740,ICE 2570,Göttingen,Wolfsburg Hbf,2025-04-19 10:09:00,5,10,8,2025-04-19 10:00:00,2025-04-19 10:00:00,9.02,85.0,1.43,overcast clouds,0.0,0.0
-1029224351861462659-2504190740,ICE 2570,Göttingen,Berlin-Spandau,2025-04-19 10:09:00,5,10,6,2025-04-19 10:00:00,2025-04-19 10:00:00,9.02,85.0,1.43,overcast clouds,0.0,0.0
-1029224351861462659-2504190740,ICE 2570,Göttingen,Berlin Hbf,2025-04-19 10:09:00,5,10,8,2025-04-19 10:00:00,2025-04-19 10:00:00,9.02,85.0,1.43,overcast clouds,0.0,0.0
-1029224351861462659-2504190740,ICE 2570,Göttingen,Berlin Ostbahnhof,2025-04-19 10:09:00,5,10,15,2025-04-19 10:00:00,2025-04-19 10:00:00,9.02,85.0,1.43,overcast clouds,0.0,0.0
-1029224351861462659-2504190740,ICE 2570,Hildesheim Hbf,Braunschweig Hbf,2025-04-19 10:37:00,5,10,6,2025-04-19 10:00:00,2025-04-19 10:00:00,10.69,100.0,1.65,overcast clouds,0.0,0.0
-1029224351861462659-2504190740,ICE 2570,Hildesheim Hbf,Wolfsburg Hbf,2025-04-19 10:37:00,5,10,8,2025-04-19 10:00:00,2025-04-19 10:00:00,10.69,100.0,1.65,overcast clouds,0.0,0.0
-1029224351861462659-2504190740,ICE 2570,Hildesheim Hbf,Berlin-Spandau,2025-04-19 10:37:00,5,10,6,2025-04-19 10:00:00,2025-04-19 10:00:00,10.69,100.0,1.65,overcast clouds,0.0,0.0
-1029224351861462659-2504190740,ICE 2570,Hildesheim Hbf,Berlin Hbf,2025-04-19 10:37:00,5,10,8,2025-04-19 10:00:00,2025-04-19 10:00:00,10.69,100.0,1.65,overcast clouds,0.0,0.0
-1029224351861462659-2504190740,ICE 2570,Hildesheim Hbf,Berlin Ostbahnhof,2025-04-19 10:37:00,5,10,15,2025-04-19 10:00:00,2025-04-19 10:00:00,10.69,100.0,1.65,overcast clouds,0.0,0.0
-1029224351861462659-2504190740,ICE 2570,Braunschweig Hbf,Wolfsburg Hbf,2025-04-19 11:03:00,5,11,8,2025-04-19 11:00:00,2025-04-19 11:00:00,7.66,92.0,1.54,light intensity shower rain,0.14,0.0
-1029224351861462659-2504190740,ICE 2570,Braunschweig Hbf,Berlin-Spandau,2025-04-19 11:03:00,5,11,6,2025-04-19 11:00:00,2025-04-19 11:00:00,7.66,92.0,1.54,light intensity shower rain,0.14,0.0
-1029224351861462659-2504190740,ICE 2570,Braunschweig Hbf,Berlin Hbf,2025-04-19 11:03:00,5,11,8,2025-04-19 11:00:00,2025-04-19 11:00:00,7.66,92.0,1.54,light intensity shower rain,0.14,0.0
-1029224351861462659-2504190740,ICE 2570,Braunschweig Hbf,Berlin Ostbahnhof,2025-04-19 11:03:00,5,11,15,2025-04-19 11:00:00,2025-04-19 11:00:00,7.66,92.0,1.54,light intensity shower rain,0.14,0.0
-1029224351861462659-2504190740,ICE 2570,Wolfsburg Hbf,Berlin-Spandau,2025-04-19 11:20:00,5,11,6,2025-04-19 11:00:00,2025-04-19 11:00:00,7.47,99.0,2.1,moderate rain,2.05,0.0
-1029224351861462659-2504190740,ICE 2570,Wolfsburg Hbf,Berlin Hbf,2025-04-19 11:20:00,5,11,8,2025-04-19 11:00:00,2025-04-19 11:00:00,7.47,99.0,2.1,moderate rain,2.05,0.0
-1029224351861462659-2504190740,ICE 2570,Wolfsburg Hbf,Berlin Ostbahnhof,2025-04-19 11:20:00,5,11,15,2025-04-19 11:00:00,2025-04-19 11:00:00,7.47,99.0,2.1,moderate rain,2.05,0.0
-1029224351861462659-2504190740,ICE 2570,Berlin-Spandau,Berlin Hbf,2025-04-19 12:18:00,5,12,8,2025-04-19 12:00:00,2025-04-19 12:00:00,7.6,99.0,3.72,light rain,0.13,0.0
-1029224351861462659-2504190740,ICE 2570,Berlin-Spandau,Berlin Ostbahnhof,2025-04-19 12:18:00,5,12,15,2025-04-19 12:00:00,2025-04-19 12:00:00,7.6,99.0,3.72,light rain,0.13,0.0
-1029224351861462659-2504190740,ICE 2570,Berlin Hbf,Berlin Ostbahnhof,2025-04-19 12:36:00,5,12,15,2025-04-19 12:00:00,2025-04-19 12:00:00,7.6,99.0,3.72,light rain,0.13,0.0
-1029224351861462659-2504200740,ICE 2570,Frankfurt(Main)Hbf,Kassel-Wilhelmshöhe,2025-04-20 07:40:00,6,7,0,2025-04-20 07:00:00,2025-04-20 07:00:00,7.52,85.0,3.09,clear sky,0.0,0.0
-1029224351861462659-2504200740,ICE 2570,Frankfurt(Main)Hbf,Göttingen,2025-04-20 07:40:00,6,7,1,2025-04-20 07:00:00,2025-04-20 07:00:00,7.52,85.0,3.09,clear sky,0.0,0.0
-1029224351861462659-2504200740,ICE 2570,Frankfurt(Main)Hbf,Hildesheim Hbf,2025-04-20 07:40:00,6,7,0,2025-04-20 07:00:00,2025-04-20 07:00:00,7.52,85.0,3.09,clear sky,0.0,0.0
-1029224351861462659-2504200740,ICE 2570,Frankfurt(Main)Hbf,Braunschweig Hbf,2025-04-20 07:40:00,6,7,0,2025-04-20 07:00:00,2025-04-20 07:00:00,7.52,85.0,3.09,clear sky,0.0,0.0
-1029224351861462659-2504200740,ICE 2570,Frankfurt(Main)Hbf,Wolfsburg Hbf,2025-04-20 07:40:00,6,7,0,2025-04-20 07:00:00,2025-04-20 07:00:00,7.52,85.0,3.09,clear sky,0.0,0.0
-1029224351861462659-2504200740,ICE 2570,Frankfurt(Main)Hbf,Berlin-Spandau,2025-04-20 07:40:00,6,7,3,2025-04-20 07:00:00,2025-04-20 07:00:00,7.52,85.0,3.09,clear sky,0.0,0.0
-1029224351861462659-2504200740,ICE 2570,Frankfurt(Main)Hbf,Berlin Hbf,2025-04-20 07:40:00,6,7,0,2025-04-20 07:00:00,2025-04-20 07:00:00,7.52,85.0,3.09,clear sky,0.0,0.0
-1029224351861462659-2504200740,ICE 2570,Frankfurt(Main)Hbf,Berlin Ostbahnhof,2025-04-20 07:40:00,6,7,-1,2025-04-20 07:00:00,2025-04-20 07:00:00,7.52,85.0,3.09,clear sky,0.0,0.0
-1029224351861462659-2504200740,ICE 2570,Kassel-Wilhelmshöhe,Göttingen,2025-04-20 09:49:00,6,9,1,2025-04-20 09:00:00,2025-04-20 09:00:00,8.72,81.0,1.54,clear sky,0.0,0.0
-1029224351861462659-2504200740,ICE 2570,Kassel-Wilhelmshöhe,Hildesheim Hbf,2025-04-20 09:49:00,6,9,0,2025-04-20 09:00:00,2025-04-20 09:00:00,8.72,81.0,1.54,clear sky,0.0,0.0
-1029224351861462659-2504200740,ICE 2570,Kassel-Wilhelmshöhe,Braunschweig Hbf,2025-04-20 09:49:00,6,9,0,2025-04-20 09:00:00,2025-04-20 09:00:00,8.72,81.0,1.54,clear sky,0.0,0.0
-1029224351861462659-2504200740,ICE 2570,Kassel-Wilhelmshöhe,Wolfsburg Hbf,2025-04-20 09:49:00,6,9,0,2025-04-20 09:00:00,2025-04-20 09:00:00,8.72,81.0,1.54,clear sky,0.0,0.0
-1029224351861462659-2504200740,ICE 2570,Kassel-Wilhelmshöhe,Berlin-Spandau,2025-04-20 09:49:00,6,9,3,2025-04-20 09:00:00,2025-04-20 09:00:00,8.72,81.0,1.54,clear sky,0.0,0.0
-1029224351861462659-2504200740,ICE 2570,Kassel-Wilhelmshöhe,Berlin Hbf,2025-04-20 09:49:00,6,9,0,2025-04-20 09:00:00,2025-04-20 09:00:00,8.72,81.0,1.54,clear sky,0.0,0.0
-1029224351861462659-2504200740,ICE 2570,Kassel-Wilhelmshöhe,Berlin Ostbahnhof,2025-04-20 09:49:00,6,9,-1,2025-04-20 09:00:00,2025-04-20 09:00:00,8.72,81.0,1.54,clear sky,0.0,0.0
-1029224351861462659-2504200740,ICE 2570,Göttingen,Hildesheim Hbf,2025-04-20 10:09:00,6,10,0,2025-04-20 10:00:00,2025-04-20 10:00:00,12.37,74.0,0.93,clear sky,0.0,0.0
-1029224351861462659-2504200740,ICE 2570,Göttingen,Braunschweig Hbf,2025-04-20 10:09:00,6,10,0,2025-04-20 10:00:00,2025-04-20 10:00:00,12.37,74.0,0.93,clear sky,0.0,0.0
-1029224351861462659-2504200740,ICE 2570,Göttingen,Wolfsburg Hbf,2025-04-20 10:09:00,6,10,0,2025-04-20 10:00:00,2025-04-20 10:00:00,12.37,74.0,0.93,clear sky,0.0,0.0
-1029224351861462659-2504200740,ICE 2570,Göttingen,Berlin-Spandau,2025-04-20 10:09:00,6,10,3,2025-04-20 10:00:00,2025-04-20 10:00:00,12.37,74.0,0.93,clear sky,0.0,0.0
-1029224351861462659-2504200740,ICE 2570,Göttingen,Berlin Hbf,2025-04-20 10:09:00,6,10,0,2025-04-20 10:00:00,2025-04-20 10:00:00,12.37,74.0,0.93,clear sky,0.0,0.0
-1029224351861462659-2504200740,ICE 2570,Göttingen,Berlin Ostbahnhof,2025-04-20 10:09:00,6,10,-1,2025-04-20 10:00:00,2025-04-20 10:00:00,12.37,74.0,0.93,clear sky,0.0,0.0
-1029224351861462659-2504200740,ICE 2570,Hildesheim Hbf,Braunschweig Hbf,2025-04-20 10:37:00,6,10,0,2025-04-20 10:00:00,2025-04-20 10:00:00,10.54,78.0,1.27,clear sky,0.0,0.0
-1029224351861462659-2504200740,ICE 2570,Hildesheim Hbf,Wolfsburg Hbf,2025-04-20 10:37:00,6,10,0,2025-04-20 10:00:00,2025-04-20 10:00:00,10.54,78.0,1.27,clear sky,0.0,0.0
-1029224351861462659-2504200740,ICE 2570,Hildesheim Hbf,Berlin-Spandau,2025-04-20 10:37:00,6,10,3,2025-04-20 10:00:00,2025-04-20 10:00:00,10.54,78.0,1.27,clear sky,0.0,0.0
-1029224351861462659-2504200740,ICE 2570,Hildesheim Hbf,Berlin Hbf,2025-04-20 10:37:00,6,10,0,2025-04-20 10:00:00,2025-04-20 10:00:00,10.54,78.0,1.27,clear sky,0.0,0.0
-1029224351861462659-2504200740,ICE 2570,Hildesheim Hbf,Berlin Ostbahnhof,2025-04-20 10:37:00,6,10,-1,2025-04-20 10:00:00,2025-04-20 10:00:00,10.54,78.0,1.27,clear sky,0.0,0.0
-1029224351861462659-2504200740,ICE 2570,Braunschweig Hbf,Wolfsburg Hbf,2025-04-20 11:03:00,6,11,0,2025-04-20 11:00:00,2025-04-20 11:00:00,13.89,67.0,2.06,clear sky,0.0,0.0
-1029224351861462659-2504200740,ICE 2570,Braunschweig Hbf,Berlin-Spandau,2025-04-20 11:03:00,6,11,3,2025-04-20 11:00:00,2025-04-20 11:00:00,13.89,67.0,2.06,clear sky,0.0,0.0
-1029224351861462659-2504200740,ICE 2570,Braunschweig Hbf,Berlin Hbf,2025-04-20 11:03:00,6,11,0,2025-04-20 11:00:00,2025-04-20 11:00:00,13.89,67.0,2.06,clear sky,0.0,0.0
-1029224351861462659-2504200740,ICE 2570,Braunschweig Hbf,Berlin Ostbahnhof,2025-04-20 11:03:00,6,11,-1,2025-04-20 11:00:00,2025-04-20 11:00:00,13.89,67.0,2.06,clear sky,0.0,0.0
-1029224351861462659-2504200740,ICE 2570,Wolfsburg Hbf,Berlin-Spandau,2025-04-20 11:20:00,6,11,3,2025-04-20 11:00:00,2025-04-20 11:00:00,13.27,77.0,1.83,clear sky,0.0,0.0
-1029224351861462659-2504200740,ICE 2570,Wolfsburg Hbf,Berlin Hbf,2025-04-20 11:20:00,6,11,0,2025-04-20 11:00:00,2025-04-20 11:00:00,13.27,77.0,1.83,clear sky,0.0,0.0
-1029224351861462659-2504200740,ICE 2570,Wolfsburg Hbf,Berlin Ostbahnhof,2025-04-20 11:20:00,6,11,-1,2025-04-20 11:00:00,2025-04-20 11:00:00,13.27,77.0,1.83,clear sky,0.0,0.0
-1029224351861462659-2504200740,ICE 2570,Berlin-Spandau,Berlin Hbf,2025-04-20 12:18:00,6,12,0,2025-04-20 12:00:00,2025-04-20 12:00:00,8.71,87.0,4.49,few clouds,0.0,0.0
-1029224351861462659-2504200740,ICE 2570,Berlin-Spandau,Berlin Ostbahnhof,2025-04-20 12:18:00,6,12,-1,2025-04-20 12:00:00,2025-04-20 12:00:00,8.71,87.0,4.49,few clouds,0.0,0.0
-1029224351861462659-2504200740,ICE 2570,Berlin Hbf,Berlin Ostbahnhof,2025-04-20 12:36:00,6,12,-1,2025-04-20 12:00:00,2025-04-20 12:00:00,8.71,87.0,4.49,few clouds,0.0,0.0
-1029224351861462659-2504210740,ICE 2570,Frankfurt(Main)Hbf,Kassel-Wilhelmshöhe,2025-04-21 07:40:00,0,7,1,2025-04-21 07:00:00,2025-04-21 07:00:00,5.38,95.0,1.03,clear sky,0.0,0.0
-1029224351861462659-2504210740,ICE 2570,Frankfurt(Main)Hbf,Göttingen,2025-04-21 07:40:00,0,7,1,2025-04-21 07:00:00,2025-04-21 07:00:00,5.38,95.0,1.03,clear sky,0.0,0.0
-1029224351861462659-2504210740,ICE 2570,Frankfurt(Main)Hbf,Hildesheim Hbf,2025-04-21 07:40:00,0,7,1,2025-04-21 07:00:00,2025-04-21 07:00:00,5.38,95.0,1.03,clear sky,0.0,0.0
-1029224351861462659-2504210740,ICE 2570,Frankfurt(Main)Hbf,Braunschweig Hbf,2025-04-21 07:40:00,0,7,0,2025-04-21 07:00:00,2025-04-21 07:00:00,5.38,95.0,1.03,clear sky,0.0,0.0
-1029224351861462659-2504210740,ICE 2570,Frankfurt(Main)Hbf,Wolfsburg Hbf,2025-04-21 07:40:00,0,7,1,2025-04-21 07:00:00,2025-04-21 07:00:00,5.38,95.0,1.03,clear sky,0.0,0.0
-1029224351861462659-2504210740,ICE 2570,Frankfurt(Main)Hbf,Berlin-Spandau,2025-04-21 07:40:00,0,7,-3,2025-04-21 07:00:00,2025-04-21 07:00:00,5.38,95.0,1.03,clear sky,0.0,0.0
-1029224351861462659-2504210740,ICE 2570,Frankfurt(Main)Hbf,Berlin Hbf,2025-04-21 07:40:00,0,7,-3,2025-04-21 07:00:00,2025-04-21 07:00:00,5.38,95.0,1.03,clear sky,0.0,0.0
-1029224351861462659-2504210740,ICE 2570,Frankfurt(Main)Hbf,Berlin Ostbahnhof,2025-04-21 07:40:00,0,7,1,2025-04-21 07:00:00,2025-04-21 07:00:00,5.38,95.0,1.03,clear sky,0.0,0.0
-1029224351861462659-2504210740,ICE 2570,Kassel-Wilhelmshöhe,Göttingen,2025-04-21 09:49:00,0,9,1,2025-04-21 09:00:00,2025-04-21 09:00:00,10.72,93.0,2.06,few clouds,0.0,0.0
-1029224351861462659-2504210740,ICE 2570,Kassel-Wilhelmshöhe,Hildesheim Hbf,2025-04-21 09:49:00,0,9,1,2025-04-21 09:00:00,2025-04-21 09:00:00,10.72,93.0,2.06,few clouds,0.0,0.0
-1029224351861462659-2504210740,ICE 2570,Kassel-Wilhelmshöhe,Braunschweig Hbf,2025-04-21 09:49:00,0,9,0,2025-04-21 09:00:00,2025-04-21 09:00:00,10.72,93.0,2.06,few clouds,0.0,0.0
-1029224351861462659-2504210740,ICE 2570,Kassel-Wilhelmshöhe,Wolfsburg Hbf,2025-04-21 09:49:00,0,9,1,2025-04-21 09:00:00,2025-04-21 09:00:00,10.72,93.0,2.06,few clouds,0.0,0.0
-1029224351861462659-2504210740,ICE 2570,Kassel-Wilhelmshöhe,Berlin-Spandau,2025-04-21 09:49:00,0,9,-3,2025-04-21 09:00:00,2025-04-21 09:00:00,10.72,93.0,2.06,few clouds,0.0,0.0
-1029224351861462659-2504210740,ICE 2570,Kassel-Wilhelmshöhe,Berlin Hbf,2025-04-21 09:49:00,0,9,-3,2025-04-21 09:00:00,2025-04-21 09:00:00,10.72,93.0,2.06,few clouds,0.0,0.0
-1029224351861462659-2504210740,ICE 2570,Kassel-Wilhelmshöhe,Berlin Ostbahnhof,2025-04-21 09:49:00,0,9,1,2025-04-21 09:00:00,2025-04-21 09:00:00,10.72,93.0,2.06,few clouds,0.0,0.0
-1029224351861462659-2504210740,ICE 2570,Göttingen,Hildesheim Hbf,2025-04-21 10:09:00,0,10,1,2025-04-21 10:00:00,2025-04-21 10:00:00,12.48,82.0,2.54,overcast clouds,0.0,0.0
-1029224351861462659-2504210740,ICE 2570,Göttingen,Braunschweig Hbf,2025-04-21 10:09:00,0,10,0,2025-04-21 10:00:00,2025-04-21 10:00:00,12.48,82.0,2.54,overcast clouds,0.0,0.0
-1029224351861462659-2504210740,ICE 2570,Göttingen,Wolfsburg Hbf,2025-04-21 10:09:00,0,10,1,2025-04-21 10:00:00,2025-04-21 10:00:00,12.48,82.0,2.54,overcast clouds,0.0,0.0
-1029224351861462659-2504210740,ICE 2570,Göttingen,Berlin-Spandau,2025-04-21 10:09:00,0,10,-3,2025-04-21 10:00:00,2025-04-21 10:00:00,12.48,82.0,2.54,overcast clouds,0.0,0.0
-1029224351861462659-2504210740,ICE 2570,Göttingen,Berlin Hbf,2025-04-21 10:09:00,0,10,-3,2025-04-21 10:00:00,2025-04-21 10:00:00,12.48,82.0,2.54,overcast clouds,0.0,0.0
-1029224351861462659-2504210740,ICE 2570,Göttingen,Berlin Ostbahnhof,2025-04-21 10:09:00,0,10,1,2025-04-21 10:00:00,2025-04-21 10:00:00,12.48,82.0,2.54,overcast clouds,0.0,0.0
-1029224351861462659-2504210740,ICE 2570,Hildesheim Hbf,Braunschweig Hbf,2025-04-21 10:37:00,0,10,0,2025-04-21 10:00:00,2025-04-21 10:00:00,15.26,100.0,3.87,overcast clouds,0.0,0.0
-1029224351861462659-2504210740,ICE 2570,Hildesheim Hbf,Wolfsburg Hbf,2025-04-21 10:37:00,0,10,1,2025-04-21 10:00:00,2025-04-21 10:00:00,15.26,100.0,3.87,overcast clouds,0.0,0.0
-1029224351861462659-2504210740,ICE 2570,Hildesheim Hbf,Berlin-Spandau,2025-04-21 10:37:00,0,10,-3,2025-04-21 10:00:00,2025-04-21 10:00:00,15.26,100.0,3.87,overcast clouds,0.0,0.0
-1029224351861462659-2504210740,ICE 2570,Hildesheim Hbf,Berlin Hbf,2025-04-21 10:37:00,0,10,-3,2025-04-21 10:00:00,2025-04-21 10:00:00,15.26,100.0,3.87,overcast clouds,0.0,0.0
-1029224351861462659-2504210740,ICE 2570,Hildesheim Hbf,Berlin Ostbahnhof,2025-04-21 10:37:00,0,10,1,2025-04-21 10:00:00,2025-04-21 10:00:00,15.26,100.0,3.87,overcast clouds,0.0,0.0
-1029224351861462659-2504210740,ICE 2570,Braunschweig Hbf,Wolfsburg Hbf,2025-04-21 11:03:00,0,11,1,2025-04-21 11:00:00,2025-04-21 11:00:00,15.2,68.0,4.63,few clouds,0.0,0.0
-1029224351861462659-2504210740,ICE 2570,Braunschweig Hbf,Berlin-Spandau,2025-04-21 11:03:00,0,11,-3,2025-04-21 11:00:00,2025-04-21 11:00:00,15.2,68.0,4.63,few clouds,0.0,0.0
-1029224351861462659-2504210740,ICE 2570,Braunschweig Hbf,Berlin Hbf,2025-04-21 11:03:00,0,11,-3,2025-04-21 11:00:00,2025-04-21 11:00:00,15.2,68.0,4.63,few clouds,0.0,0.0
-1029224351861462659-2504210740,ICE 2570,Braunschweig Hbf,Berlin Ostbahnhof,2025-04-21 11:03:00,0,11,1,2025-04-21 11:00:00,2025-04-21 11:00:00,15.2,68.0,4.63,few clouds,0.0,0.0
-1029224351861462659-2504210740,ICE 2570,Wolfsburg Hbf,Berlin-Spandau,2025-04-21 11:20:00,0,11,-3,2025-04-21 11:00:00,2025-04-21 11:00:00,14.75,77.0,3.9,overcast clouds,0.0,0.0
-1029224351861462659-2504210740,ICE 2570,Wolfsburg Hbf,Berlin Hbf,2025-04-21 11:20:00,0,11,-3,2025-04-21 11:00:00,2025-04-21 11:00:00,14.75,77.0,3.9,overcast clouds,0.0,0.0
-1029224351861462659-2504210740,ICE 2570,Wolfsburg Hbf,Berlin Ostbahnhof,2025-04-21 11:20:00,0,11,1,2025-04-21 11:00:00,2025-04-21 11:00:00,14.75,77.0,3.9,overcast clouds,0.0,0.0
-1029224351861462659-2504210740,ICE 2570,Berlin-Spandau,Berlin Hbf,2025-04-21 12:18:00,0,12,-3,2025-04-21 12:00:00,2025-04-21 12:00:00,13.15,82.0,1.68,overcast clouds,0.0,0.0
-1029224351861462659-2504210740,ICE 2570,Berlin-Spandau,Berlin Ostbahnhof,2025-04-21 12:18:00,0,12,1,2025-04-21 12:00:00,2025-04-21 12:00:00,13.15,82.0,1.68,overcast clouds,0.0,0.0
-1029224351861462659-2504210740,ICE 2570,Berlin Hbf,Berlin Ostbahnhof,2025-04-21 12:36:00,0,12,1,2025-04-21 12:00:00,2025-04-21 12:00:00,13.15,82.0,1.68,overcast clouds,0.0,0.0
-1029224351861462659-2504220740,ICE 2570,Frankfurt(Main)Hbf,Kassel-Wilhelmshöhe,2025-04-22 07:40:00,1,7,0,2025-04-22 07:00:00,2025-04-22 07:00:00,9.87,92.0,1.54,clear sky,0.0,0.0
-1029224351861462659-2504220740,ICE 2570,Frankfurt(Main)Hbf,Göttingen,2025-04-22 07:40:00,1,7,13,2025-04-22 07:00:00,2025-04-22 07:00:00,9.87,92.0,1.54,clear sky,0.0,0.0
-1029224351861462659-2504220740,ICE 2570,Frankfurt(Main)Hbf,Hildesheim Hbf,2025-04-22 07:40:00,1,7,12,2025-04-22 07:00:00,2025-04-22 07:00:00,9.87,92.0,1.54,clear sky,0.0,0.0
-1029224351861462659-2504220740,ICE 2570,Frankfurt(Main)Hbf,Braunschweig Hbf,2025-04-22 07:40:00,1,7,13,2025-04-22 07:00:00,2025-04-22 07:00:00,9.87,92.0,1.54,clear sky,0.0,0.0
-1029224351861462659-2504220740,ICE 2570,Frankfurt(Main)Hbf,Wolfsburg Hbf,2025-04-22 07:40:00,1,7,14,2025-04-22 07:00:00,2025-04-22 07:00:00,9.87,92.0,1.54,clear sky,0.0,0.0
-1029224351861462659-2504220740,ICE 2570,Frankfurt(Main)Hbf,Berlin-Spandau,2025-04-22 07:40:00,1,7,5,2025-04-22 07:00:00,2025-04-22 07:00:00,9.87,92.0,1.54,clear sky,0.0,0.0
-1029224351861462659-2504220740,ICE 2570,Frankfurt(Main)Hbf,Berlin Hbf,2025-04-22 07:40:00,1,7,10,2025-04-22 07:00:00,2025-04-22 07:00:00,9.87,92.0,1.54,clear sky,0.0,0.0
-1029224351861462659-2504220740,ICE 2570,Frankfurt(Main)Hbf,Berlin Südkreuz,2025-04-22 07:40:00,1,7,12,2025-04-22 07:00:00,2025-04-22 07:00:00,9.87,92.0,1.54,clear sky,0.0,0.0
-1029224351861462659-2504220740,ICE 2570,Kassel-Wilhelmshöhe,Göttingen,2025-04-22 09:49:00,1,9,13,2025-04-22 09:00:00,2025-04-22 09:00:00,11.72,87.0,1.54,scattered clouds,0.0,0.0
-1029224351861462659-2504220740,ICE 2570,Kassel-Wilhelmshöhe,Hildesheim Hbf,2025-04-22 09:49:00,1,9,12,2025-04-22 09:00:00,2025-04-22 09:00:00,11.72,87.0,1.54,scattered clouds,0.0,0.0
-1029224351861462659-2504220740,ICE 2570,Kassel-Wilhelmshöhe,Braunschweig Hbf,2025-04-22 09:49:00,1,9,13,2025-04-22 09:00:00,2025-04-22 09:00:00,11.72,87.0,1.54,scattered clouds,0.0,0.0
-1029224351861462659-2504220740,ICE 2570,Kassel-Wilhelmshöhe,Wolfsburg Hbf,2025-04-22 09:49:00,1,9,14,2025-04-22 09:00:00,2025-04-22 09:00:00,11.72,87.0,1.54,scattered clouds,0.0,0.0
-1029224351861462659-2504220740,ICE 2570,Kassel-Wilhelmshöhe,Berlin-Spandau,2025-04-22 09:49:00,1,9,5,2025-04-22 09:00:00,2025-04-22 09:00:00,11.72,87.0,1.54,scattered clouds,0.0,0.0
-1029224351861462659-2504220740,ICE 2570,Kassel-Wilhelmshöhe,Berlin Hbf,2025-04-22 09:49:00,1,9,10,2025-04-22 09:00:00,2025-04-22 09:00:00,11.72,87.0,1.54,scattered clouds,0.0,0.0
-1029224351861462659-2504220740,ICE 2570,Kassel-Wilhelmshöhe,Berlin Südkreuz,2025-04-22 09:49:00,1,9,12,2025-04-22 09:00:00,2025-04-22 09:00:00,11.72,87.0,1.54,scattered clouds,0.0,0.0
-1029224351861462659-2504220740,ICE 2570,Göttingen,Hildesheim Hbf,2025-04-22 10:09:00,1,10,12,2025-04-22 10:00:00,2025-04-22 10:00:00,12.02,85.0,2.62,overcast clouds,0.0,0.0
-1029224351861462659-2504220740,ICE 2570,Göttingen,Braunschweig Hbf,2025-04-22 10:09:00,1,10,13,2025-04-22 10:00:00,2025-04-22 10:00:00,12.02,85.0,2.62,overcast clouds,0.0,0.0
-1029224351861462659-2504220740,ICE 2570,Göttingen,Wolfsburg Hbf,2025-04-22 10:09:00,1,10,14,2025-04-22 10:00:00,2025-04-22 10:00:00,12.02,85.0,2.62,overcast clouds,0.0,0.0
-1029224351861462659-2504220740,ICE 2570,Göttingen,Berlin-Spandau,2025-04-22 10:09:00,1,10,5,2025-04-22 10:00:00,2025-04-22 10:00:00,12.02,85.0,2.62,overcast clouds,0.0,0.0
-1029224351861462659-2504220740,ICE 2570,Göttingen,Berlin Hbf,2025-04-22 10:09:00,1,10,10,2025-04-22 10:00:00,2025-04-22 10:00:00,12.02,85.0,2.62,overcast clouds,0.0,0.0
-1029224351861462659-2504220740,ICE 2570,Göttingen,Berlin Südkreuz,2025-04-22 10:09:00,1,10,12,2025-04-22 10:00:00,2025-04-22 10:00:00,12.02,85.0,2.62,overcast clouds,0.0,0.0
-1029224351861462659-2504220740,ICE 2570,Hildesheim Hbf,Braunschweig Hbf,2025-04-22 10:37:00,1,10,13,2025-04-22 10:00:00,2025-04-22 10:00:00,13.83,77.0,0.89,overcast clouds,0.0,0.0
-1029224351861462659-2504220740,ICE 2570,Hildesheim Hbf,Wolfsburg Hbf,2025-04-22 10:37:00,1,10,14,2025-04-22 10:00:00,2025-04-22 10:00:00,13.83,77.0,0.89,overcast clouds,0.0,0.0
-1029224351861462659-2504220740,ICE 2570,Hildesheim Hbf,Berlin-Spandau,2025-04-22 10:37:00,1,10,5,2025-04-22 10:00:00,2025-04-22 10:00:00,13.83,77.0,0.89,overcast clouds,0.0,0.0
-1029224351861462659-2504220740,ICE 2570,Hildesheim Hbf,Berlin Hbf,2025-04-22 10:37:00,1,10,10,2025-04-22 10:00:00,2025-04-22 10:00:00,13.83,77.0,0.89,overcast clouds,0.0,0.0
-1029224351861462659-2504220740,ICE 2570,Hildesheim Hbf,Berlin Südkreuz,2025-04-22 10:37:00,1,10,12,2025-04-22 10:00:00,2025-04-22 10:00:00,13.83,77.0,0.89,overcast clouds,0.0,0.0
-1029224351861462659-2504220740,ICE 2570,Braunschweig Hbf,Wolfsburg Hbf,2025-04-22 11:03:00,1,11,14,2025-04-22 11:00:00,2025-04-22 11:00:00,12.21,89.0,2.06,few clouds,0.0,0.0
-1029224351861462659-2504220740,ICE 2570,Braunschweig Hbf,Berlin-Spandau,2025-04-22 11:03:00,1,11,5,2025-04-22 11:00:00,2025-04-22 11:00:00,12.21,89.0,2.06,few clouds,0.0,0.0
-1029224351861462659-2504220740,ICE 2570,Braunschweig Hbf,Berlin Hbf,2025-04-22 11:03:00,1,11,10,2025-04-22 11:00:00,2025-04-22 11:00:00,12.21,89.0,2.06,few clouds,0.0,0.0
-1029224351861462659-2504220740,ICE 2570,Braunschweig Hbf,Berlin Südkreuz,2025-04-22 11:03:00,1,11,12,2025-04-22 11:00:00,2025-04-22 11:00:00,12.21,89.0,2.06,few clouds,0.0,0.0
-1029224351861462659-2504220740,ICE 2570,Wolfsburg Hbf,Berlin-Spandau,2025-04-22 11:20:00,1,11,5,2025-04-22 11:00:00,2025-04-22 11:00:00,12.59,92.0,3.42,light rain,0.27,0.0
-1029224351861462659-2504220740,ICE 2570,Wolfsburg Hbf,Berlin Hbf,2025-04-22 11:20:00,1,11,10,2025-04-22 11:00:00,2025-04-22 11:00:00,12.59,92.0,3.42,light rain,0.27,0.0
-1029224351861462659-2504220740,ICE 2570,Wolfsburg Hbf,Berlin Südkreuz,2025-04-22 11:20:00,1,11,12,2025-04-22 11:00:00,2025-04-22 11:00:00,12.59,92.0,3.42,light rain,0.27,0.0
-1029224351861462659-2504220740,ICE 2570,Berlin-Spandau,Berlin Hbf,2025-04-22 12:24:00,1,12,10,2025-04-22 12:00:00,2025-04-22 12:00:00,15.93,75.0,4.76,broken clouds,0.0,0.0
-1029224351861462659-2504220740,ICE 2570,Berlin-Spandau,Berlin Südkreuz,2025-04-22 12:24:00,1,12,12,2025-04-22 12:00:00,2025-04-22 12:00:00,15.93,75.0,4.76,broken clouds,0.0,0.0
-1029224351861462659-2504220740,ICE 2570,Berlin Hbf,Berlin Südkreuz,2025-04-22 12:37:00,1,12,12,2025-04-22 12:00:00,2025-04-22 12:00:00,15.93,75.0,4.76,broken clouds,0.0,0.0
-1029224351861462659-2504230740,ICE 2570,Frankfurt(Main)Hbf,Kassel-Wilhelmshöhe,2025-04-23 07:40:00,2,7,3,2025-04-23 07:00:00,2025-04-23 07:00:00,8.85,93.0,2.57,clear sky,0.0,0.0
-1029224351861462659-2504230740,ICE 2570,Frankfurt(Main)Hbf,Göttingen,2025-04-23 07:40:00,2,7,2,2025-04-23 07:00:00,2025-04-23 07:00:00,8.85,93.0,2.57,clear sky,0.0,0.0
-1029224351861462659-2504230740,ICE 2570,Frankfurt(Main)Hbf,Hildesheim Hbf,2025-04-23 07:40:00,2,7,4,2025-04-23 07:00:00,2025-04-23 07:00:00,8.85,93.0,2.57,clear sky,0.0,0.0
-1029224351861462659-2504230740,ICE 2570,Frankfurt(Main)Hbf,Braunschweig Hbf,2025-04-23 07:40:00,2,7,1,2025-04-23 07:00:00,2025-04-23 07:00:00,8.85,93.0,2.57,clear sky,0.0,0.0
-1029224351861462659-2504230740,ICE 2570,Frankfurt(Main)Hbf,Wolfsburg Hbf,2025-04-23 07:40:00,2,7,1,2025-04-23 07:00:00,2025-04-23 07:00:00,8.85,93.0,2.57,clear sky,0.0,0.0
-1029224351861462659-2504230740,ICE 2570,Frankfurt(Main)Hbf,Berlin-Spandau,2025-04-23 07:40:00,2,7,0,2025-04-23 07:00:00,2025-04-23 07:00:00,8.85,93.0,2.57,clear sky,0.0,0.0
-1029224351861462659-2504230740,ICE 2570,Frankfurt(Main)Hbf,Berlin Hbf,2025-04-23 07:40:00,2,7,1,2025-04-23 07:00:00,2025-04-23 07:00:00,8.85,93.0,2.57,clear sky,0.0,0.0
-1029224351861462659-2504230740,ICE 2570,Frankfurt(Main)Hbf,Berlin Südkreuz,2025-04-23 07:40:00,2,7,-1,2025-04-23 07:00:00,2025-04-23 07:00:00,8.85,93.0,2.57,clear sky,0.0,0.0
-1029224351861462659-2504230740,ICE 2570,Kassel-Wilhelmshöhe,Göttingen,2025-04-23 09:49:00,2,9,2,2025-04-23 09:00:00,2025-04-23 09:00:00,10.72,100.0,2.06,fog,0.0,0.0
-1029224351861462659-2504230740,ICE 2570,Kassel-Wilhelmshöhe,Hildesheim Hbf,2025-04-23 09:49:00,2,9,4,2025-04-23 09:00:00,2025-04-23 09:00:00,10.72,100.0,2.06,fog,0.0,0.0
-1029224351861462659-2504230740,ICE 2570,Kassel-Wilhelmshöhe,Braunschweig Hbf,2025-04-23 09:49:00,2,9,1,2025-04-23 09:00:00,2025-04-23 09:00:00,10.72,100.0,2.06,fog,0.0,0.0
-1029224351861462659-2504230740,ICE 2570,Kassel-Wilhelmshöhe,Wolfsburg Hbf,2025-04-23 09:49:00,2,9,1,2025-04-23 09:00:00,2025-04-23 09:00:00,10.72,100.0,2.06,fog,0.0,0.0
-1029224351861462659-2504230740,ICE 2570,Kassel-Wilhelmshöhe,Berlin-Spandau,2025-04-23 09:49:00,2,9,0,2025-04-23 09:00:00,2025-04-23 09:00:00,10.72,100.0,2.06,fog,0.0,0.0
-1029224351861462659-2504230740,ICE 2570,Kassel-Wilhelmshöhe,Berlin Hbf,2025-04-23 09:49:00,2,9,1,2025-04-23 09:00:00,2025-04-23 09:00:00,10.72,100.0,2.06,fog,0.0,0.0
-1029224351861462659-2504230740,ICE 2570,Kassel-Wilhelmshöhe,Berlin Südkreuz,2025-04-23 09:49:00,2,9,-1,2025-04-23 09:00:00,2025-04-23 09:00:00,10.72,100.0,2.06,fog,0.0,0.0
-1029224351861462659-2504230740,ICE 2570,Göttingen,Hildesheim Hbf,2025-04-23 10:09:00,2,10,4,2025-04-23 10:00:00,2025-04-23 10:00:00,13.62,84.0,1.34,overcast clouds,0.0,0.0
-1029224351861462659-2504230740,ICE 2570,Göttingen,Braunschweig Hbf,2025-04-23 10:09:00,2,10,1,2025-04-23 10:00:00,2025-04-23 10:00:00,13.62,84.0,1.34,overcast clouds,0.0,0.0
-1029224351861462659-2504230740,ICE 2570,Göttingen,Wolfsburg Hbf,2025-04-23 10:09:00,2,10,1,2025-04-23 10:00:00,2025-04-23 10:00:00,13.62,84.0,1.34,overcast clouds,0.0,0.0
-1029224351861462659-2504230740,ICE 2570,Göttingen,Berlin-Spandau,2025-04-23 10:09:00,2,10,0,2025-04-23 10:00:00,2025-04-23 10:00:00,13.62,84.0,1.34,overcast clouds,0.0,0.0
-1029224351861462659-2504230740,ICE 2570,Göttingen,Berlin Hbf,2025-04-23 10:09:00,2,10,1,2025-04-23 10:00:00,2025-04-23 10:00:00,13.62,84.0,1.34,overcast clouds,0.0,0.0
-1029224351861462659-2504230740,ICE 2570,Göttingen,Berlin Südkreuz,2025-04-23 10:09:00,2,10,-1,2025-04-23 10:00:00,2025-04-23 10:00:00,13.62,84.0,1.34,overcast clouds,0.0,0.0
-1029224351861462659-2504230740,ICE 2570,Hildesheim Hbf,Braunschweig Hbf,2025-04-23 10:37:00,2,10,1,2025-04-23 10:00:00,2025-04-23 10:00:00,13.26,83.0,0.45,overcast clouds,0.0,0.0
-1029224351861462659-2504230740,ICE 2570,Hildesheim Hbf,Wolfsburg Hbf,2025-04-23 10:37:00,2,10,1,2025-04-23 10:00:00,2025-04-23 10:00:00,13.26,83.0,0.45,overcast clouds,0.0,0.0
-1029224351861462659-2504230740,ICE 2570,Hildesheim Hbf,Berlin-Spandau,2025-04-23 10:37:00,2,10,0,2025-04-23 10:00:00,2025-04-23 10:00:00,13.26,83.0,0.45,overcast clouds,0.0,0.0
-1029224351861462659-2504230740,ICE 2570,Hildesheim Hbf,Berlin Hbf,2025-04-23 10:37:00,2,10,1,2025-04-23 10:00:00,2025-04-23 10:00:00,13.26,83.0,0.45,overcast clouds,0.0,0.0
-1029224351861462659-2504230740,ICE 2570,Hildesheim Hbf,Berlin Südkreuz,2025-04-23 10:37:00,2,10,-1,2025-04-23 10:00:00,2025-04-23 10:00:00,13.26,83.0,0.45,overcast clouds,0.0,0.0
-1029224351861462659-2504230740,ICE 2570,Braunschweig Hbf,Wolfsburg Hbf,2025-04-23 11:03:00,2,11,1,2025-04-23 11:00:00,2025-04-23 11:00:00,15.53,71.0,2.24,few clouds,0.0,0.0
-1029224351861462659-2504230740,ICE 2570,Braunschweig Hbf,Berlin-Spandau,2025-04-23 11:03:00,2,11,0,2025-04-23 11:00:00,2025-04-23 11:00:00,15.53,71.0,2.24,few clouds,0.0,0.0
-1029224351861462659-2504230740,ICE 2570,Braunschweig Hbf,Berlin Hbf,2025-04-23 11:03:00,2,11,1,2025-04-23 11:00:00,2025-04-23 11:00:00,15.53,71.0,2.24,few clouds,0.0,0.0
-1029224351861462659-2504230740,ICE 2570,Braunschweig Hbf,Berlin Südkreuz,2025-04-23 11:03:00,2,11,-1,2025-04-23 11:00:00,2025-04-23 11:00:00,15.53,71.0,2.24,few clouds,0.0,0.0
-1029224351861462659-2504230740,ICE 2570,Wolfsburg Hbf,Berlin-Spandau,2025-04-23 11:20:00,2,11,0,2025-04-23 11:00:00,2025-04-23 11:00:00,15.44,77.0,2.88,overcast clouds,0.0,0.0
-1029224351861462659-2504230740,ICE 2570,Wolfsburg Hbf,Berlin Hbf,2025-04-23 11:20:00,2,11,1,2025-04-23 11:00:00,2025-04-23 11:00:00,15.44,77.0,2.88,overcast clouds,0.0,0.0
-1029224351861462659-2504230740,ICE 2570,Wolfsburg Hbf,Berlin Südkreuz,2025-04-23 11:20:00,2,11,-1,2025-04-23 11:00:00,2025-04-23 11:00:00,15.44,77.0,2.88,overcast clouds,0.0,0.0
-1029224351861462659-2504230740,ICE 2570,Berlin-Spandau,Berlin Hbf,2025-04-23 12:24:00,2,12,1,2025-04-23 12:00:00,2025-04-23 12:00:00,14.82,81.0,2.61,overcast clouds,0.0,0.0
-1029224351861462659-2504230740,ICE 2570,Berlin-Spandau,Berlin Südkreuz,2025-04-23 12:24:00,2,12,-1,2025-04-23 12:00:00,2025-04-23 12:00:00,14.82,81.0,2.61,overcast clouds,0.0,0.0
-1029224351861462659-2504230740,ICE 2570,Berlin Hbf,Berlin Südkreuz,2025-04-23 12:37:00,2,12,-1,2025-04-23 12:00:00,2025-04-23 12:00:00,14.82,81.0,2.61,overcast clouds,0.0,0.0
-1029224351861462659-2504240740,ICE 2570,Frankfurt(Main)Hbf,Kassel-Wilhelmshöhe,2025-04-24 07:40:00,3,7,0,2025-04-24 07:00:00,2025-04-24 07:00:00,9.52,95.0,3.6,shower rain,3.65,0.0
-1029224351861462659-2504240740,ICE 2570,Frankfurt(Main)Hbf,Göttingen,2025-04-24 07:40:00,3,7,0,2025-04-24 07:00:00,2025-04-24 07:00:00,9.52,95.0,3.6,shower rain,3.65,0.0
-1029224351861462659-2504240740,ICE 2570,Frankfurt(Main)Hbf,Hildesheim Hbf,2025-04-24 07:40:00,3,7,0,2025-04-24 07:00:00,2025-04-24 07:00:00,9.52,95.0,3.6,shower rain,3.65,0.0
-1029224351861462659-2504240740,ICE 2570,Frankfurt(Main)Hbf,Braunschweig Hbf,2025-04-24 07:40:00,3,7,0,2025-04-24 07:00:00,2025-04-24 07:00:00,9.52,95.0,3.6,shower rain,3.65,0.0
-1029224351861462659-2504240740,ICE 2570,Frankfurt(Main)Hbf,Wolfsburg Hbf,2025-04-24 07:40:00,3,7,2,2025-04-24 07:00:00,2025-04-24 07:00:00,9.52,95.0,3.6,shower rain,3.65,0.0
-1029224351861462659-2504240740,ICE 2570,Frankfurt(Main)Hbf,Berlin-Spandau,2025-04-24 07:40:00,3,7,0,2025-04-24 07:00:00,2025-04-24 07:00:00,9.52,95.0,3.6,shower rain,3.65,0.0
-1029224351861462659-2504240740,ICE 2570,Frankfurt(Main)Hbf,Berlin Hbf,2025-04-24 07:40:00,3,7,0,2025-04-24 07:00:00,2025-04-24 07:00:00,9.52,95.0,3.6,shower rain,3.65,0.0
-1029224351861462659-2504240740,ICE 2570,Frankfurt(Main)Hbf,Berlin Südkreuz,2025-04-24 07:40:00,3,7,-1,2025-04-24 07:00:00,2025-04-24 07:00:00,9.52,95.0,3.6,shower rain,3.65,0.0
-1029224351861462659-2504240740,ICE 2570,Kassel-Wilhelmshöhe,Göttingen,2025-04-24 09:49:00,3,9,0,2025-04-24 09:00:00,2025-04-24 09:00:00,10.72,100.0,1.54,mist,0.18,0.0
-1029224351861462659-2504240740,ICE 2570,Kassel-Wilhelmshöhe,Hildesheim Hbf,2025-04-24 09:49:00,3,9,0,2025-04-24 09:00:00,2025-04-24 09:00:00,10.72,100.0,1.54,mist,0.18,0.0
-1029224351861462659-2504240740,ICE 2570,Kassel-Wilhelmshöhe,Braunschweig Hbf,2025-04-24 09:49:00,3,9,0,2025-04-24 09:00:00,2025-04-24 09:00:00,10.72,100.0,1.54,mist,0.18,0.0
-1029224351861462659-2504240740,ICE 2570,Kassel-Wilhelmshöhe,Wolfsburg Hbf,2025-04-24 09:49:00,3,9,2,2025-04-24 09:00:00,2025-04-24 09:00:00,10.72,100.0,1.54,mist,0.18,0.0
-1029224351861462659-2504240740,ICE 2570,Kassel-Wilhelmshöhe,Berlin-Spandau,2025-04-24 09:49:00,3,9,0,2025-04-24 09:00:00,2025-04-24 09:00:00,10.72,100.0,1.54,mist,0.18,0.0
-1029224351861462659-2504240740,ICE 2570,Kassel-Wilhelmshöhe,Berlin Hbf,2025-04-24 09:49:00,3,9,0,2025-04-24 09:00:00,2025-04-24 09:00:00,10.72,100.0,1.54,mist,0.18,0.0
-1029224351861462659-2504240740,ICE 2570,Kassel-Wilhelmshöhe,Berlin Südkreuz,2025-04-24 09:49:00,3,9,-1,2025-04-24 09:00:00,2025-04-24 09:00:00,10.72,100.0,1.54,mist,0.18,0.0
-1029224351861462659-2504240740,ICE 2570,Göttingen,Hildesheim Hbf,2025-04-24 10:09:00,3,10,0,2025-04-24 10:00:00,2025-04-24 10:00:00,12.67,83.0,1.56,light rain,0.13,0.0
-1029224351861462659-2504240740,ICE 2570,Göttingen,Braunschweig Hbf,2025-04-24 10:09:00,3,10,0,2025-04-24 10:00:00,2025-04-24 10:00:00,12.67,83.0,1.56,light rain,0.13,0.0
-1029224351861462659-2504240740,ICE 2570,Göttingen,Wolfsburg Hbf,2025-04-24 10:09:00,3,10,2,2025-04-24 10:00:00,2025-04-24 10:00:00,12.67,83.0,1.56,light rain,0.13,0.0
-1029224351861462659-2504240740,ICE 2570,Göttingen,Berlin-Spandau,2025-04-24 10:09:00,3,10,0,2025-04-24 10:00:00,2025-04-24 10:00:00,12.67,83.0,1.56,light rain,0.13,0.0
-1029224351861462659-2504240740,ICE 2570,Göttingen,Berlin Hbf,2025-04-24 10:09:00,3,10,0,2025-04-24 10:00:00,2025-04-24 10:00:00,12.67,83.0,1.56,light rain,0.13,0.0
-1029224351861462659-2504240740,ICE 2570,Göttingen,Berlin Südkreuz,2025-04-24 10:09:00,3,10,-1,2025-04-24 10:00:00,2025-04-24 10:00:00,12.67,83.0,1.56,light rain,0.13,0.0
-1029224351861462659-2504240740,ICE 2570,Hildesheim Hbf,Braunschweig Hbf,2025-04-24 10:37:00,3,10,0,2025-04-24 10:00:00,2025-04-24 10:00:00,12.14,83.0,5.12,overcast clouds,0.0,0.0
-1029224351861462659-2504240740,ICE 2570,Hildesheim Hbf,Wolfsburg Hbf,2025-04-24 10:37:00,3,10,2,2025-04-24 10:00:00,2025-04-24 10:00:00,12.14,83.0,5.12,overcast clouds,0.0,0.0
-1029224351861462659-2504240740,ICE 2570,Hildesheim Hbf,Berlin-Spandau,2025-04-24 10:37:00,3,10,0,2025-04-24 10:00:00,2025-04-24 10:00:00,12.14,83.0,5.12,overcast clouds,0.0,0.0
-1029224351861462659-2504240740,ICE 2570,Hildesheim Hbf,Berlin Hbf,2025-04-24 10:37:00,3,10,0,2025-04-24 10:00:00,2025-04-24 10:00:00,12.14,83.0,5.12,overcast clouds,0.0,0.0
-1029224351861462659-2504240740,ICE 2570,Hildesheim Hbf,Berlin Südkreuz,2025-04-24 10:37:00,3,10,-1,2025-04-24 10:00:00,2025-04-24 10:00:00,12.14,83.0,5.12,overcast clouds,0.0,0.0
-1029224351861462659-2504240740,ICE 2570,Braunschweig Hbf,Wolfsburg Hbf,2025-04-24 11:03:00,3,11,2,2025-04-24 11:00:00,2025-04-24 11:00:00,12.47,64.0,3.6,clear sky,0.0,0.0
-1029224351861462659-2504240740,ICE 2570,Braunschweig Hbf,Berlin-Spandau,2025-04-24 11:03:00,3,11,0,2025-04-24 11:00:00,2025-04-24 11:00:00,12.47,64.0,3.6,clear sky,0.0,0.0
-1029224351861462659-2504240740,ICE 2570,Braunschweig Hbf,Berlin Hbf,2025-04-24 11:03:00,3,11,0,2025-04-24 11:00:00,2025-04-24 11:00:00,12.47,64.0,3.6,clear sky,0.0,0.0
-1029224351861462659-2504240740,ICE 2570,Braunschweig Hbf,Berlin Südkreuz,2025-04-24 11:03:00,3,11,-1,2025-04-24 11:00:00,2025-04-24 11:00:00,12.47,64.0,3.6,clear sky,0.0,0.0
-1029224351861462659-2504240740,ICE 2570,Wolfsburg Hbf,Berlin-Spandau,2025-04-24 11:20:00,3,11,0,2025-04-24 11:00:00,2025-04-24 11:00:00,12.99,71.0,4.23,overcast clouds,0.0,0.0
-1029224351861462659-2504240740,ICE 2570,Wolfsburg Hbf,Berlin Hbf,2025-04-24 11:20:00,3,11,0,2025-04-24 11:00:00,2025-04-24 11:00:00,12.99,71.0,4.23,overcast clouds,0.0,0.0
-1029224351861462659-2504240740,ICE 2570,Wolfsburg Hbf,Berlin Südkreuz,2025-04-24 11:20:00,3,11,-1,2025-04-24 11:00:00,2025-04-24 11:00:00,12.99,71.0,4.23,overcast clouds,0.0,0.0
-1029224351861462659-2504240740,ICE 2570,Berlin-Spandau,Berlin Hbf,2025-04-24 12:24:00,3,12,0,2025-04-24 12:00:00,2025-04-24 12:00:00,14.82,70.0,4.82,overcast clouds,0.0,0.0
-1029224351861462659-2504240740,ICE 2570,Berlin-Spandau,Berlin Südkreuz,2025-04-24 12:24:00,3,12,-1,2025-04-24 12:00:00,2025-04-24 12:00:00,14.82,70.0,4.82,overcast clouds,0.0,0.0
-1029224351861462659-2504240740,ICE 2570,Berlin Hbf,Berlin Südkreuz,2025-04-24 12:37:00,3,12,-1,2025-04-24 12:00:00,2025-04-24 12:00:00,14.82,70.0,4.82,overcast clouds,0.0,0.0
-1029224351861462659-2504250740,ICE 2570,Frankfurt(Main)Hbf,Kassel-Wilhelmshöhe,2025-04-25 07:40:00,4,7,7,2025-04-25 07:00:00,2025-04-25 07:00:00,10.14,94.0,4.63,light intensity shower rain,1.15,0.0
-1029224351861462659-2504250740,ICE 2570,Frankfurt(Main)Hbf,Göttingen,2025-04-25 07:40:00,4,7,5,2025-04-25 07:00:00,2025-04-25 07:00:00,10.14,94.0,4.63,light intensity shower rain,1.15,0.0
-1029224351861462659-2504250740,ICE 2570,Frankfurt(Main)Hbf,Hildesheim Hbf,2025-04-25 07:40:00,4,7,4,2025-04-25 07:00:00,2025-04-25 07:00:00,10.14,94.0,4.63,light intensity shower rain,1.15,0.0
-1029224351861462659-2504250740,ICE 2570,Frankfurt(Main)Hbf,Braunschweig Hbf,2025-04-25 07:40:00,4,7,1,2025-04-25 07:00:00,2025-04-25 07:00:00,10.14,94.0,4.63,light intensity shower rain,1.15,0.0
-1029224351861462659-2504250740,ICE 2570,Frankfurt(Main)Hbf,Wolfsburg Hbf,2025-04-25 07:40:00,4,7,2,2025-04-25 07:00:00,2025-04-25 07:00:00,10.14,94.0,4.63,light intensity shower rain,1.15,0.0
-1029224351861462659-2504250740,ICE 2570,Frankfurt(Main)Hbf,Berlin-Spandau,2025-04-25 07:40:00,4,7,0,2025-04-25 07:00:00,2025-04-25 07:00:00,10.14,94.0,4.63,light intensity shower rain,1.15,0.0
-1029224351861462659-2504250740,ICE 2570,Frankfurt(Main)Hbf,Berlin Hbf,2025-04-25 07:40:00,4,7,0,2025-04-25 07:00:00,2025-04-25 07:00:00,10.14,94.0,4.63,light intensity shower rain,1.15,0.0
-1029224351861462659-2504250740,ICE 2570,Frankfurt(Main)Hbf,Berlin Südkreuz,2025-04-25 07:40:00,4,7,-1,2025-04-25 07:00:00,2025-04-25 07:00:00,10.14,94.0,4.63,light intensity shower rain,1.15,0.0
-1029224351861462659-2504250740,ICE 2570,Kassel-Wilhelmshöhe,Göttingen,2025-04-25 09:49:00,4,9,5,2025-04-25 09:00:00,2025-04-25 09:00:00,9.72,93.0,2.57,clear sky,0.0,0.0
-1029224351861462659-2504250740,ICE 2570,Kassel-Wilhelmshöhe,Hildesheim Hbf,2025-04-25 09:49:00,4,9,4,2025-04-25 09:00:00,2025-04-25 09:00:00,9.72,93.0,2.57,clear sky,0.0,0.0
-1029224351861462659-2504250740,ICE 2570,Kassel-Wilhelmshöhe,Braunschweig Hbf,2025-04-25 09:49:00,4,9,1,2025-04-25 09:00:00,2025-04-25 09:00:00,9.72,93.0,2.57,clear sky,0.0,0.0
-1029224351861462659-2504250740,ICE 2570,Kassel-Wilhelmshöhe,Wolfsburg Hbf,2025-04-25 09:49:00,4,9,2,2025-04-25 09:00:00,2025-04-25 09:00:00,9.72,93.0,2.57,clear sky,0.0,0.0
-1029224351861462659-2504250740,ICE 2570,Kassel-Wilhelmshöhe,Berlin-Spandau,2025-04-25 09:49:00,4,9,0,2025-04-25 09:00:00,2025-04-25 09:00:00,9.72,93.0,2.57,clear sky,0.0,0.0
-1029224351861462659-2504250740,ICE 2570,Kassel-Wilhelmshöhe,Berlin Hbf,2025-04-25 09:49:00,4,9,0,2025-04-25 09:00:00,2025-04-25 09:00:00,9.72,93.0,2.57,clear sky,0.0,0.0
-1029224351861462659-2504250740,ICE 2570,Kassel-Wilhelmshöhe,Berlin Südkreuz,2025-04-25 09:49:00,4,9,-1,2025-04-25 09:00:00,2025-04-25 09:00:00,9.72,93.0,2.57,clear sky,0.0,0.0
-1029224351861462659-2504250740,ICE 2570,Göttingen,Hildesheim Hbf,2025-04-25 10:09:00,4,10,4,2025-04-25 10:00:00,2025-04-25 10:00:00,8.66,83.0,4.47,overcast clouds,0.0,0.0
-1029224351861462659-2504250740,ICE 2570,Göttingen,Braunschweig Hbf,2025-04-25 10:09:00,4,10,1,2025-04-25 10:00:00,2025-04-25 10:00:00,8.66,83.0,4.47,overcast clouds,0.0,0.0
-1029224351861462659-2504250740,ICE 2570,Göttingen,Wolfsburg Hbf,2025-04-25 10:09:00,4,10,2,2025-04-25 10:00:00,2025-04-25 10:00:00,8.66,83.0,4.47,overcast clouds,0.0,0.0
-1029224351861462659-2504250740,ICE 2570,Göttingen,Berlin-Spandau,2025-04-25 10:09:00,4,10,0,2025-04-25 10:00:00,2025-04-25 10:00:00,8.66,83.0,4.47,overcast clouds,0.0,0.0
-1029224351861462659-2504250740,ICE 2570,Göttingen,Berlin Hbf,2025-04-25 10:09:00,4,10,0,2025-04-25 10:00:00,2025-04-25 10:00:00,8.66,83.0,4.47,overcast clouds,0.0,0.0
-1029224351861462659-2504250740,ICE 2570,Göttingen,Berlin Südkreuz,2025-04-25 10:09:00,4,10,-1,2025-04-25 10:00:00,2025-04-25 10:00:00,8.66,83.0,4.47,overcast clouds,0.0,0.0
-1029224351861462659-2504250740,ICE 2570,Hildesheim Hbf,Braunschweig Hbf,2025-04-25 10:37:00,4,10,1,2025-04-25 10:00:00,2025-04-25 10:00:00,9.35,90.0,3.35,overcast clouds,0.0,0.0
-1029224351861462659-2504250740,ICE 2570,Hildesheim Hbf,Wolfsburg Hbf,2025-04-25 10:37:00,4,10,2,2025-04-25 10:00:00,2025-04-25 10:00:00,9.35,90.0,3.35,overcast clouds,0.0,0.0
-1029224351861462659-2504250740,ICE 2570,Hildesheim Hbf,Berlin-Spandau,2025-04-25 10:37:00,4,10,0,2025-04-25 10:00:00,2025-04-25 10:00:00,9.35,90.0,3.35,overcast clouds,0.0,0.0
-1029224351861462659-2504250740,ICE 2570,Hildesheim Hbf,Berlin Hbf,2025-04-25 10:37:00,4,10,0,2025-04-25 10:00:00,2025-04-25 10:00:00,9.35,90.0,3.35,overcast clouds,0.0,0.0
-1029224351861462659-2504250740,ICE 2570,Hildesheim Hbf,Berlin Südkreuz,2025-04-25 10:37:00,4,10,-1,2025-04-25 10:00:00,2025-04-25 10:00:00,9.35,90.0,3.35,overcast clouds,0.0,0.0
-1029224351861462659-2504250740,ICE 2570,Braunschweig Hbf,Wolfsburg Hbf,2025-04-25 11:03:00,4,11,2,2025-04-25 11:00:00,2025-04-25 11:00:00,9.23,77.0,2.06,overcast clouds,0.0,0.0
-1029224351861462659-2504250740,ICE 2570,Braunschweig Hbf,Berlin-Spandau,2025-04-25 11:03:00,4,11,0,2025-04-25 11:00:00,2025-04-25 11:00:00,9.23,77.0,2.06,overcast clouds,0.0,0.0
-1029224351861462659-2504250740,ICE 2570,Braunschweig Hbf,Berlin Hbf,2025-04-25 11:03:00,4,11,0,2025-04-25 11:00:00,2025-04-25 11:00:00,9.23,77.0,2.06,overcast clouds,0.0,0.0
-1029224351861462659-2504250740,ICE 2570,Braunschweig Hbf,Berlin Südkreuz,2025-04-25 11:03:00,4,11,-1,2025-04-25 11:00:00,2025-04-25 11:00:00,9.23,77.0,2.06,overcast clouds,0.0,0.0
-1029224351861462659-2504250740,ICE 2570,Wolfsburg Hbf,Berlin-Spandau,2025-04-25 11:20:00,4,11,0,2025-04-25 11:00:00,2025-04-25 11:00:00,9.75,84.0,3.41,overcast clouds,0.0,0.0
-1029224351861462659-2504250740,ICE 2570,Wolfsburg Hbf,Berlin Hbf,2025-04-25 11:20:00,4,11,0,2025-04-25 11:00:00,2025-04-25 11:00:00,9.75,84.0,3.41,overcast clouds,0.0,0.0
-1029224351861462659-2504250740,ICE 2570,Wolfsburg Hbf,Berlin Südkreuz,2025-04-25 11:20:00,4,11,-1,2025-04-25 11:00:00,2025-04-25 11:00:00,9.75,84.0,3.41,overcast clouds,0.0,0.0
-1029224351861462659-2504250740,ICE 2570,Berlin-Spandau,Berlin Hbf,2025-04-25 12:24:00,4,12,0,2025-04-25 12:00:00,2025-04-25 12:00:00,12.6,77.0,3.86,overcast clouds,0.0,0.0
-1029224351861462659-2504250740,ICE 2570,Berlin-Spandau,Berlin Südkreuz,2025-04-25 12:24:00,4,12,-1,2025-04-25 12:00:00,2025-04-25 12:00:00,12.6,77.0,3.86,overcast clouds,0.0,0.0
-1029224351861462659-2504250740,ICE 2570,Berlin Hbf,Berlin Südkreuz,2025-04-25 12:37:00,4,12,-1,2025-04-25 12:00:00,2025-04-25 12:00:00,12.6,77.0,3.86,overcast clouds,0.0,0.0
-1029224351861462659-2504260740,ICE 2570,Frankfurt(Main)Hbf,Kassel-Wilhelmshöhe,2025-04-26 07:40:00,5,7,0,2025-04-26 07:00:00,2025-04-26 07:00:00,7.62,90.0,3.6,clear sky,0.0,0.0
-1029224351861462659-2504260740,ICE 2570,Frankfurt(Main)Hbf,Göttingen,2025-04-26 07:40:00,5,7,0,2025-04-26 07:00:00,2025-04-26 07:00:00,7.62,90.0,3.6,clear sky,0.0,0.0
-1029224351861462659-2504260740,ICE 2570,Frankfurt(Main)Hbf,Hildesheim Hbf,2025-04-26 07:40:00,5,7,0,2025-04-26 07:00:00,2025-04-26 07:00:00,7.62,90.0,3.6,clear sky,0.0,0.0
-1029224351861462659-2504260740,ICE 2570,Frankfurt(Main)Hbf,Braunschweig Hbf,2025-04-26 07:40:00,5,7,1,2025-04-26 07:00:00,2025-04-26 07:00:00,7.62,90.0,3.6,clear sky,0.0,0.0
-1029224351861462659-2504260740,ICE 2570,Frankfurt(Main)Hbf,Wolfsburg Hbf,2025-04-26 07:40:00,5,7,0,2025-04-26 07:00:00,2025-04-26 07:00:00,7.62,90.0,3.6,clear sky,0.0,0.0
-1029224351861462659-2504260740,ICE 2570,Frankfurt(Main)Hbf,Berlin-Spandau,2025-04-26 07:40:00,5,7,0,2025-04-26 07:00:00,2025-04-26 07:00:00,7.62,90.0,3.6,clear sky,0.0,0.0
-1029224351861462659-2504260740,ICE 2570,Frankfurt(Main)Hbf,Berlin Hbf,2025-04-26 07:40:00,5,7,0,2025-04-26 07:00:00,2025-04-26 07:00:00,7.62,90.0,3.6,clear sky,0.0,0.0
-1029224351861462659-2504260740,ICE 2570,Frankfurt(Main)Hbf,Berlin Südkreuz,2025-04-26 07:40:00,5,7,-1,2025-04-26 07:00:00,2025-04-26 07:00:00,7.62,90.0,3.6,clear sky,0.0,0.0
-1029224351861462659-2504260740,ICE 2570,Kassel-Wilhelmshöhe,Göttingen,2025-04-26 09:49:00,5,9,0,2025-04-26 09:00:00,2025-04-26 09:00:00,5.72,100.0,1.54,fog,0.0,0.0
-1029224351861462659-2504260740,ICE 2570,Kassel-Wilhelmshöhe,Hildesheim Hbf,2025-04-26 09:49:00,5,9,0,2025-04-26 09:00:00,2025-04-26 09:00:00,5.72,100.0,1.54,fog,0.0,0.0
-1029224351861462659-2504260740,ICE 2570,Kassel-Wilhelmshöhe,Braunschweig Hbf,2025-04-26 09:49:00,5,9,1,2025-04-26 09:00:00,2025-04-26 09:00:00,5.72,100.0,1.54,fog,0.0,0.0
-1029224351861462659-2504260740,ICE 2570,Kassel-Wilhelmshöhe,Wolfsburg Hbf,2025-04-26 09:49:00,5,9,0,2025-04-26 09:00:00,2025-04-26 09:00:00,5.72,100.0,1.54,fog,0.0,0.0
-1029224351861462659-2504260740,ICE 2570,Kassel-Wilhelmshöhe,Berlin-Spandau,2025-04-26 09:49:00,5,9,0,2025-04-26 09:00:00,2025-04-26 09:00:00,5.72,100.0,1.54,fog,0.0,0.0
-1029224351861462659-2504260740,ICE 2570,Kassel-Wilhelmshöhe,Berlin Hbf,2025-04-26 09:49:00,5,9,0,2025-04-26 09:00:00,2025-04-26 09:00:00,5.72,100.0,1.54,fog,0.0,0.0
-1029224351861462659-2504260740,ICE 2570,Kassel-Wilhelmshöhe,Berlin Südkreuz,2025-04-26 09:49:00,5,9,-1,2025-04-26 09:00:00,2025-04-26 09:00:00,5.72,100.0,1.54,fog,0.0,0.0
-1029224351861462659-2504260740,ICE 2570,Göttingen,Hildesheim Hbf,2025-04-26 10:09:00,5,10,0,2025-04-26 10:00:00,2025-04-26 10:00:00,12.3,79.0,3.04,clear sky,0.0,0.0
-1029224351861462659-2504260740,ICE 2570,Göttingen,Braunschweig Hbf,2025-04-26 10:09:00,5,10,1,2025-04-26 10:00:00,2025-04-26 10:00:00,12.3,79.0,3.04,clear sky,0.0,0.0
-1029224351861462659-2504260740,ICE 2570,Göttingen,Wolfsburg Hbf,2025-04-26 10:09:00,5,10,0,2025-04-26 10:00:00,2025-04-26 10:00:00,12.3,79.0,3.04,clear sky,0.0,0.0
-1029224351861462659-2504260740,ICE 2570,Göttingen,Berlin-Spandau,2025-04-26 10:09:00,5,10,0,2025-04-26 10:00:00,2025-04-26 10:00:00,12.3,79.0,3.04,clear sky,0.0,0.0
-1029224351861462659-2504260740,ICE 2570,Göttingen,Berlin Hbf,2025-04-26 10:09:00,5,10,0,2025-04-26 10:00:00,2025-04-26 10:00:00,12.3,79.0,3.04,clear sky,0.0,0.0
-1029224351861462659-2504260740,ICE 2570,Göttingen,Berlin Südkreuz,2025-04-26 10:09:00,5,10,-1,2025-04-26 10:00:00,2025-04-26 10:00:00,12.3,79.0,3.04,clear sky,0.0,0.0
-1029224351861462659-2504260740,ICE 2570,Hildesheim Hbf,Braunschweig Hbf,2025-04-26 10:37:00,5,10,1,2025-04-26 10:00:00,2025-04-26 10:00:00,12.69,68.0,3.63,clear sky,0.0,0.0
-1029224351861462659-2504260740,ICE 2570,Hildesheim Hbf,Wolfsburg Hbf,2025-04-26 10:37:00,5,10,0,2025-04-26 10:00:00,2025-04-26 10:00:00,12.69,68.0,3.63,clear sky,0.0,0.0
-1029224351861462659-2504260740,ICE 2570,Hildesheim Hbf,Berlin-Spandau,2025-04-26 10:37:00,5,10,0,2025-04-26 10:00:00,2025-04-26 10:00:00,12.69,68.0,3.63,clear sky,0.0,0.0
-1029224351861462659-2504260740,ICE 2570,Hildesheim Hbf,Berlin Hbf,2025-04-26 10:37:00,5,10,0,2025-04-26 10:00:00,2025-04-26 10:00:00,12.69,68.0,3.63,clear sky,0.0,0.0
-1029224351861462659-2504260740,ICE 2570,Hildesheim Hbf,Berlin Südkreuz,2025-04-26 10:37:00,5,10,-1,2025-04-26 10:00:00,2025-04-26 10:00:00,12.69,68.0,3.63,clear sky,0.0,0.0
-1029224351861462659-2504260740,ICE 2570,Braunschweig Hbf,Wolfsburg Hbf,2025-04-26 11:03:00,5,11,0,2025-04-26 11:00:00,2025-04-26 11:00:00,13.4,68.0,3.13,clear sky,0.0,0.0
-1029224351861462659-2504260740,ICE 2570,Braunschweig Hbf,Berlin-Spandau,2025-04-26 11:03:00,5,11,0,2025-04-26 11:00:00,2025-04-26 11:00:00,13.4,68.0,3.13,clear sky,0.0,0.0
-1029224351861462659-2504260740,ICE 2570,Braunschweig Hbf,Berlin Hbf,2025-04-26 11:03:00,5,11,0,2025-04-26 11:00:00,2025-04-26 11:00:00,13.4,68.0,3.13,clear sky,0.0,0.0
-1029224351861462659-2504260740,ICE 2570,Braunschweig Hbf,Berlin Südkreuz,2025-04-26 11:03:00,5,11,-1,2025-04-26 11:00:00,2025-04-26 11:00:00,13.4,68.0,3.13,clear sky,0.0,0.0
-1029224351861462659-2504260740,ICE 2570,Wolfsburg Hbf,Berlin-Spandau,2025-04-26 11:20:00,5,11,0,2025-04-26 11:00:00,2025-04-26 11:00:00,12.71,64.0,3.96,clear sky,0.0,0.0
-1029224351861462659-2504260740,ICE 2570,Wolfsburg Hbf,Berlin Hbf,2025-04-26 11:20:00,5,11,0,2025-04-26 11:00:00,2025-04-26 11:00:00,12.71,64.0,3.96,clear sky,0.0,0.0
-1029224351861462659-2504260740,ICE 2570,Wolfsburg Hbf,Berlin Südkreuz,2025-04-26 11:20:00,5,11,-1,2025-04-26 11:00:00,2025-04-26 11:00:00,12.71,64.0,3.96,clear sky,0.0,0.0
-1029224351861462659-2504260740,ICE 2570,Berlin-Spandau,Berlin Hbf,2025-04-26 12:24:00,5,12,0,2025-04-26 12:00:00,2025-04-26 12:00:00,17.71,53.0,4.15,clear sky,0.0,0.0
-1029224351861462659-2504260740,ICE 2570,Berlin-Spandau,Berlin Südkreuz,2025-04-26 12:24:00,5,12,-1,2025-04-26 12:00:00,2025-04-26 12:00:00,17.71,53.0,4.15,clear sky,0.0,0.0
-1029224351861462659-2504260740,ICE 2570,Berlin Hbf,Berlin Südkreuz,2025-04-26 12:37:00,5,12,-1,2025-04-26 12:00:00,2025-04-26 12:00:00,17.71,53.0,4.15,clear sky,0.0,0.0
-1029224351861462659-2504270740,ICE 2570,Frankfurt(Main)Hbf,Kassel-Wilhelmshöhe,2025-04-27 07:40:00,6,7,0,2025-04-27 07:00:00,2025-04-27 07:00:00,8.56,74.0,4.63,clear sky,0.0,0.0
-1029224351861462659-2504270740,ICE 2570,Frankfurt(Main)Hbf,Göttingen,2025-04-27 07:40:00,6,7,0,2025-04-27 07:00:00,2025-04-27 07:00:00,8.56,74.0,4.63,clear sky,0.0,0.0
-1029224351861462659-2504270740,ICE 2570,Frankfurt(Main)Hbf,Hildesheim Hbf,2025-04-27 07:40:00,6,7,0,2025-04-27 07:00:00,2025-04-27 07:00:00,8.56,74.0,4.63,clear sky,0.0,0.0
-1029224351861462659-2504270740,ICE 2570,Frankfurt(Main)Hbf,Braunschweig Hbf,2025-04-27 07:40:00,6,7,8,2025-04-27 07:00:00,2025-04-27 07:00:00,8.56,74.0,4.63,clear sky,0.0,0.0
-1029224351861462659-2504270740,ICE 2570,Frankfurt(Main)Hbf,Wolfsburg Hbf,2025-04-27 07:40:00,6,7,13,2025-04-27 07:00:00,2025-04-27 07:00:00,8.56,74.0,4.63,clear sky,0.0,0.0
-1029224351861462659-2504270740,ICE 2570,Frankfurt(Main)Hbf,Berlin-Spandau,2025-04-27 07:40:00,6,7,12,2025-04-27 07:00:00,2025-04-27 07:00:00,8.56,74.0,4.63,clear sky,0.0,0.0
-1029224351861462659-2504270740,ICE 2570,Frankfurt(Main)Hbf,Berlin Hbf,2025-04-27 07:40:00,6,7,17,2025-04-27 07:00:00,2025-04-27 07:00:00,8.56,74.0,4.63,clear sky,0.0,0.0
-1029224351861462659-2504270740,ICE 2570,Frankfurt(Main)Hbf,Berlin Südkreuz,2025-04-27 07:40:00,6,7,16,2025-04-27 07:00:00,2025-04-27 07:00:00,8.56,74.0,4.63,clear sky,0.0,0.0
-1029224351861462659-2504270740,ICE 2570,Kassel-Wilhelmshöhe,Göttingen,2025-04-27 09:49:00,6,9,0,2025-04-27 09:00:00,2025-04-27 09:00:00,10.72,62.0,2.06,clear sky,0.0,0.0
-1029224351861462659-2504270740,ICE 2570,Kassel-Wilhelmshöhe,Hildesheim Hbf,2025-04-27 09:49:00,6,9,0,2025-04-27 09:00:00,2025-04-27 09:00:00,10.72,62.0,2.06,clear sky,0.0,0.0
-1029224351861462659-2504270740,ICE 2570,Kassel-Wilhelmshöhe,Braunschweig Hbf,2025-04-27 09:49:00,6,9,8,2025-04-27 09:00:00,2025-04-27 09:00:00,10.72,62.0,2.06,clear sky,0.0,0.0
-1029224351861462659-2504270740,ICE 2570,Kassel-Wilhelmshöhe,Wolfsburg Hbf,2025-04-27 09:49:00,6,9,13,2025-04-27 09:00:00,2025-04-27 09:00:00,10.72,62.0,2.06,clear sky,0.0,0.0
-1029224351861462659-2504270740,ICE 2570,Kassel-Wilhelmshöhe,Berlin-Spandau,2025-04-27 09:49:00,6,9,12,2025-04-27 09:00:00,2025-04-27 09:00:00,10.72,62.0,2.06,clear sky,0.0,0.0
-1029224351861462659-2504270740,ICE 2570,Kassel-Wilhelmshöhe,Berlin Hbf,2025-04-27 09:49:00,6,9,17,2025-04-27 09:00:00,2025-04-27 09:00:00,10.72,62.0,2.06,clear sky,0.0,0.0
-1029224351861462659-2504270740,ICE 2570,Kassel-Wilhelmshöhe,Berlin Südkreuz,2025-04-27 09:49:00,6,9,16,2025-04-27 09:00:00,2025-04-27 09:00:00,10.72,62.0,2.06,clear sky,0.0,0.0
-1029224351861462659-2504270740,ICE 2570,Göttingen,Hildesheim Hbf,2025-04-27 10:09:00,6,10,0,2025-04-27 10:00:00,2025-04-27 10:00:00,11.74,57.0,4.13,clear sky,0.0,0.0
-1029224351861462659-2504270740,ICE 2570,Göttingen,Braunschweig Hbf,2025-04-27 10:09:00,6,10,8,2025-04-27 10:00:00,2025-04-27 10:00:00,11.74,57.0,4.13,clear sky,0.0,0.0
-1029224351861462659-2504270740,ICE 2570,Göttingen,Wolfsburg Hbf,2025-04-27 10:09:00,6,10,13,2025-04-27 10:00:00,2025-04-27 10:00:00,11.74,57.0,4.13,clear sky,0.0,0.0
-1029224351861462659-2504270740,ICE 2570,Göttingen,Berlin-Spandau,2025-04-27 10:09:00,6,10,12,2025-04-27 10:00:00,2025-04-27 10:00:00,11.74,57.0,4.13,clear sky,0.0,0.0
-1029224351861462659-2504270740,ICE 2570,Göttingen,Berlin Hbf,2025-04-27 10:09:00,6,10,17,2025-04-27 10:00:00,2025-04-27 10:00:00,11.74,57.0,4.13,clear sky,0.0,0.0
-1029224351861462659-2504270740,ICE 2570,Göttingen,Berlin Südkreuz,2025-04-27 10:09:00,6,10,16,2025-04-27 10:00:00,2025-04-27 10:00:00,11.74,57.0,4.13,clear sky,0.0,0.0
-1029224351861462659-2504270740,ICE 2570,Hildesheim Hbf,Braunschweig Hbf,2025-04-27 10:37:00,6,10,8,2025-04-27 10:00:00,2025-04-27 10:00:00,12.38,55.0,3.95,clear sky,0.0,0.0
-1029224351861462659-2504270740,ICE 2570,Hildesheim Hbf,Wolfsburg Hbf,2025-04-27 10:37:00,6,10,13,2025-04-27 10:00:00,2025-04-27 10:00:00,12.38,55.0,3.95,clear sky,0.0,0.0
-1029224351861462659-2504270740,ICE 2570,Hildesheim Hbf,Berlin-Spandau,2025-04-27 10:37:00,6,10,12,2025-04-27 10:00:00,2025-04-27 10:00:00,12.38,55.0,3.95,clear sky,0.0,0.0
-1029224351861462659-2504270740,ICE 2570,Hildesheim Hbf,Berlin Hbf,2025-04-27 10:37:00,6,10,17,2025-04-27 10:00:00,2025-04-27 10:00:00,12.38,55.0,3.95,clear sky,0.0,0.0
-1029224351861462659-2504270740,ICE 2570,Hildesheim Hbf,Berlin Südkreuz,2025-04-27 10:37:00,6,10,16,2025-04-27 10:00:00,2025-04-27 10:00:00,12.38,55.0,3.95,clear sky,0.0,0.0
-1029224351861462659-2504270740,ICE 2570,Braunschweig Hbf,Wolfsburg Hbf,2025-04-27 11:03:00,6,11,13,2025-04-27 11:00:00,2025-04-27 11:00:00,12.97,52.0,5.66,clear sky,0.0,0.0
-1029224351861462659-2504270740,ICE 2570,Braunschweig Hbf,Berlin-Spandau,2025-04-27 11:03:00,6,11,12,2025-04-27 11:00:00,2025-04-27 11:00:00,12.97,52.0,5.66,clear sky,0.0,0.0
-1029224351861462659-2504270740,ICE 2570,Braunschweig Hbf,Berlin Hbf,2025-04-27 11:03:00,6,11,17,2025-04-27 11:00:00,2025-04-27 11:00:00,12.97,52.0,5.66,clear sky,0.0,0.0
-1029224351861462659-2504270740,ICE 2570,Braunschweig Hbf,Berlin Südkreuz,2025-04-27 11:03:00,6,11,16,2025-04-27 11:00:00,2025-04-27 11:00:00,12.97,52.0,5.66,clear sky,0.0,0.0
-1029224351861462659-2504270740,ICE 2570,Wolfsburg Hbf,Berlin-Spandau,2025-04-27 11:20:00,6,11,12,2025-04-27 11:00:00,2025-04-27 11:00:00,13.67,53.0,4.58,clear sky,0.0,0.0
-1029224351861462659-2504270740,ICE 2570,Wolfsburg Hbf,Berlin Hbf,2025-04-27 11:20:00,6,11,17,2025-04-27 11:00:00,2025-04-27 11:00:00,13.67,53.0,4.58,clear sky,0.0,0.0
-1029224351861462659-2504270740,ICE 2570,Wolfsburg Hbf,Berlin Südkreuz,2025-04-27 11:20:00,6,11,16,2025-04-27 11:00:00,2025-04-27 11:00:00,13.67,53.0,4.58,clear sky,0.0,0.0
-1029224351861462659-2504270740,ICE 2570,Berlin-Spandau,Berlin Hbf,2025-04-27 12:24:00,6,12,17,2025-04-27 12:00:00,2025-04-27 12:00:00,14.26,47.0,4.01,few clouds,0.0,0.0
-1029224351861462659-2504270740,ICE 2570,Berlin-Spandau,Berlin Südkreuz,2025-04-27 12:24:00,6,12,16,2025-04-27 12:00:00,2025-04-27 12:00:00,14.26,47.0,4.01,few clouds,0.0,0.0
-1029224351861462659-2504270740,ICE 2570,Berlin Hbf,Berlin Südkreuz,2025-04-27 12:37:00,6,12,16,2025-04-27 12:00:00,2025-04-27 12:00:00,14.26,47.0,4.01,few clouds,0.0,0.0
-1029224351861462659-2504280740,ICE 2570,Frankfurt(Main)Hbf,Kassel-Wilhelmshöhe,2025-04-28 07:40:00,0,7,57,2025-04-28 07:00:00,2025-04-28 07:00:00,8.69,77.0,3.09,clear sky,0.0,0.0
-1029224351861462659-2504280740,ICE 2570,Frankfurt(Main)Hbf,Göttingen,2025-04-28 07:40:00,0,7,56,2025-04-28 07:00:00,2025-04-28 07:00:00,8.69,77.0,3.09,clear sky,0.0,0.0
-1029224351861462659-2504280740,ICE 2570,Frankfurt(Main)Hbf,Hildesheim Hbf,2025-04-28 07:40:00,0,7,82,2025-04-28 07:00:00,2025-04-28 07:00:00,8.69,77.0,3.09,clear sky,0.0,0.0
-1029224351861462659-2504280740,ICE 2570,Frankfurt(Main)Hbf,Braunschweig Hbf,2025-04-28 07:40:00,0,7,84,2025-04-28 07:00:00,2025-04-28 07:00:00,8.69,77.0,3.09,clear sky,0.0,0.0
-1029224351861462659-2504280740,ICE 2570,Frankfurt(Main)Hbf,Wolfsburg Hbf,2025-04-28 07:40:00,0,7,83,2025-04-28 07:00:00,2025-04-28 07:00:00,8.69,77.0,3.09,clear sky,0.0,0.0
-1029224351861462659-2504280740,ICE 2570,Frankfurt(Main)Hbf,Berlin-Spandau,2025-04-28 07:40:00,0,7,78,2025-04-28 07:00:00,2025-04-28 07:00:00,8.69,77.0,3.09,clear sky,0.0,0.0
-1029224351861462659-2504280740,ICE 2570,Frankfurt(Main)Hbf,Berlin Hbf,2025-04-28 07:40:00,0,7,78,2025-04-28 07:00:00,2025-04-28 07:00:00,8.69,77.0,3.09,clear sky,0.0,0.0
-1029224351861462659-2504280740,ICE 2570,Frankfurt(Main)Hbf,Berlin Südkreuz,2025-04-28 07:40:00,0,7,77,2025-04-28 07:00:00,2025-04-28 07:00:00,8.69,77.0,3.09,clear sky,0.0,0.0
-1029224351861462659-2504280740,ICE 2570,Kassel-Wilhelmshöhe,Göttingen,2025-04-28 09:49:00,0,9,56,2025-04-28 09:00:00,2025-04-28 09:00:00,9.72,81.0,1.03,clear sky,0.0,0.0
-1029224351861462659-2504280740,ICE 2570,Kassel-Wilhelmshöhe,Hildesheim Hbf,2025-04-28 09:49:00,0,9,82,2025-04-28 09:00:00,2025-04-28 09:00:00,9.72,81.0,1.03,clear sky,0.0,0.0
-1029224351861462659-2504280740,ICE 2570,Kassel-Wilhelmshöhe,Braunschweig Hbf,2025-04-28 09:49:00,0,9,84,2025-04-28 09:00:00,2025-04-28 09:00:00,9.72,81.0,1.03,clear sky,0.0,0.0
-1029224351861462659-2504280740,ICE 2570,Kassel-Wilhelmshöhe,Wolfsburg Hbf,2025-04-28 09:49:00,0,9,83,2025-04-28 09:00:00,2025-04-28 09:00:00,9.72,81.0,1.03,clear sky,0.0,0.0
-1029224351861462659-2504280740,ICE 2570,Kassel-Wilhelmshöhe,Berlin-Spandau,2025-04-28 09:49:00,0,9,78,2025-04-28 09:00:00,2025-04-28 09:00:00,9.72,81.0,1.03,clear sky,0.0,0.0
-1029224351861462659-2504280740,ICE 2570,Kassel-Wilhelmshöhe,Berlin Hbf,2025-04-28 09:49:00,0,9,78,2025-04-28 09:00:00,2025-04-28 09:00:00,9.72,81.0,1.03,clear sky,0.0,0.0
-1029224351861462659-2504280740,ICE 2570,Kassel-Wilhelmshöhe,Berlin Südkreuz,2025-04-28 09:49:00,0,9,77,2025-04-28 09:00:00,2025-04-28 09:00:00,9.72,81.0,1.03,clear sky,0.0,0.0
-1029224351861462659-2504280740,ICE 2570,Göttingen,Hildesheim Hbf,2025-04-28 10:09:00,0,10,82,2025-04-28 10:00:00,2025-04-28 10:00:00,13.48,65.0,0.39,clear sky,0.0,0.0
-1029224351861462659-2504280740,ICE 2570,Göttingen,Braunschweig Hbf,2025-04-28 10:09:00,0,10,84,2025-04-28 10:00:00,2025-04-28 10:00:00,13.48,65.0,0.39,clear sky,0.0,0.0
-1029224351861462659-2504280740,ICE 2570,Göttingen,Wolfsburg Hbf,2025-04-28 10:09:00,0,10,83,2025-04-28 10:00:00,2025-04-28 10:00:00,13.48,65.0,0.39,clear sky,0.0,0.0
-1029224351861462659-2504280740,ICE 2570,Göttingen,Berlin-Spandau,2025-04-28 10:09:00,0,10,78,2025-04-28 10:00:00,2025-04-28 10:00:00,13.48,65.0,0.39,clear sky,0.0,0.0
-1029224351861462659-2504280740,ICE 2570,Göttingen,Berlin Hbf,2025-04-28 10:09:00,0,10,78,2025-04-28 10:00:00,2025-04-28 10:00:00,13.48,65.0,0.39,clear sky,0.0,0.0
-1029224351861462659-2504280740,ICE 2570,Göttingen,Berlin Südkreuz,2025-04-28 10:09:00,0,10,77,2025-04-28 10:00:00,2025-04-28 10:00:00,13.48,65.0,0.39,clear sky,0.0,0.0
-1029224351861462659-2504280740,ICE 2570,Hildesheim Hbf,Braunschweig Hbf,2025-04-28 10:37:00,0,10,84,2025-04-28 10:00:00,2025-04-28 10:00:00,16.6,41.0,0.14,clear sky,0.0,0.0
-1029224351861462659-2504280740,ICE 2570,Hildesheim Hbf,Wolfsburg Hbf,2025-04-28 10:37:00,0,10,83,2025-04-28 10:00:00,2025-04-28 10:00:00,16.6,41.0,0.14,clear sky,0.0,0.0
-1029224351861462659-2504280740,ICE 2570,Hildesheim Hbf,Berlin-Spandau,2025-04-28 10:37:00,0,10,78,2025-04-28 10:00:00,2025-04-28 10:00:00,16.6,41.0,0.14,clear sky,0.0,0.0
-1029224351861462659-2504280740,ICE 2570,Hildesheim Hbf,Berlin Hbf,2025-04-28 10:37:00,0,10,78,2025-04-28 10:00:00,2025-04-28 10:00:00,16.6,41.0,0.14,clear sky,0.0,0.0
-1029224351861462659-2504280740,ICE 2570,Hildesheim Hbf,Berlin Südkreuz,2025-04-28 10:37:00,0,10,77,2025-04-28 10:00:00,2025-04-28 10:00:00,16.6,41.0,0.14,clear sky,0.0,0.0
-1029224351861462659-2504280740,ICE 2570,Braunschweig Hbf,Wolfsburg Hbf,2025-04-28 11:03:00,0,11,83,2025-04-28 11:00:00,2025-04-28 11:00:00,16.8,41.0,2.06,clear sky,0.0,0.0
-1029224351861462659-2504280740,ICE 2570,Braunschweig Hbf,Berlin-Spandau,2025-04-28 11:03:00,0,11,78,2025-04-28 11:00:00,2025-04-28 11:00:00,16.8,41.0,2.06,clear sky,0.0,0.0
-1029224351861462659-2504280740,ICE 2570,Braunschweig Hbf,Berlin Hbf,2025-04-28 11:03:00,0,11,78,2025-04-28 11:00:00,2025-04-28 11:00:00,16.8,41.0,2.06,clear sky,0.0,0.0
-1029224351861462659-2504280740,ICE 2570,Braunschweig Hbf,Berlin Südkreuz,2025-04-28 11:03:00,0,11,77,2025-04-28 11:00:00,2025-04-28 11:00:00,16.8,41.0,2.06,clear sky,0.0,0.0
-1029224351861462659-2504280740,ICE 2570,Wolfsburg Hbf,Berlin-Spandau,2025-04-28 11:20:00,0,11,78,2025-04-28 11:00:00,2025-04-28 11:00:00,17.71,41.0,1.28,clear sky,0.0,0.0
-1029224351861462659-2504280740,ICE 2570,Wolfsburg Hbf,Berlin Hbf,2025-04-28 11:20:00,0,11,78,2025-04-28 11:00:00,2025-04-28 11:00:00,17.71,41.0,1.28,clear sky,0.0,0.0
-1029224351861462659-2504280740,ICE 2570,Wolfsburg Hbf,Berlin Südkreuz,2025-04-28 11:20:00,0,11,77,2025-04-28 11:00:00,2025-04-28 11:00:00,17.71,41.0,1.28,clear sky,0.0,0.0
-1029224351861462659-2504280740,ICE 2570,Berlin-Spandau,Berlin Hbf,2025-04-28 12:24:00,0,12,78,2025-04-28 12:00:00,2025-04-28 12:00:00,18.71,38.0,2.49,scattered clouds,0.0,0.0
-1029224351861462659-2504280740,ICE 2570,Berlin-Spandau,Berlin Südkreuz,2025-04-28 12:24:00,0,12,77,2025-04-28 12:00:00,2025-04-28 12:00:00,18.71,38.0,2.49,scattered clouds,0.0,0.0
-1029224351861462659-2504280740,ICE 2570,Berlin Hbf,Berlin Südkreuz,2025-04-28 12:37:00,0,12,77,2025-04-28 12:00:00,2025-04-28 12:00:00,18.71,38.0,2.49,scattered clouds,0.0,0.0
-1029224351861462659-2504290740,ICE 2570,Frankfurt(Main)Hbf,Kassel-Wilhelmshöhe,2025-04-29 07:40:00,1,7,1,2025-04-29 07:00:00,2025-04-29 07:00:00,10.27,70.0,3.13,clear sky,0.0,0.0
-1029224351861462659-2504290740,ICE 2570,Frankfurt(Main)Hbf,Göttingen,2025-04-29 07:40:00,1,7,0,2025-04-29 07:00:00,2025-04-29 07:00:00,10.27,70.0,3.13,clear sky,0.0,0.0
-1029224351861462659-2504290740,ICE 2570,Frankfurt(Main)Hbf,Hildesheim Hbf,2025-04-29 07:40:00,1,7,0,2025-04-29 07:00:00,2025-04-29 07:00:00,10.27,70.0,3.13,clear sky,0.0,0.0
-1029224351861462659-2504290740,ICE 2570,Frankfurt(Main)Hbf,Braunschweig Hbf,2025-04-29 07:40:00,1,7,0,2025-04-29 07:00:00,2025-04-29 07:00:00,10.27,70.0,3.13,clear sky,0.0,0.0
-1029224351861462659-2504290740,ICE 2570,Frankfurt(Main)Hbf,Wolfsburg Hbf,2025-04-29 07:40:00,1,7,3,2025-04-29 07:00:00,2025-04-29 07:00:00,10.27,70.0,3.13,clear sky,0.0,0.0
-1029224351861462659-2504290740,ICE 2570,Frankfurt(Main)Hbf,Berlin-Spandau,2025-04-29 07:40:00,1,7,68,2025-04-29 07:00:00,2025-04-29 07:00:00,10.27,70.0,3.13,clear sky,0.0,0.0
-1029224351861462659-2504290740,ICE 2570,Frankfurt(Main)Hbf,Berlin Hbf,2025-04-29 07:40:00,1,7,68,2025-04-29 07:00:00,2025-04-29 07:00:00,10.27,70.0,3.13,clear sky,0.0,0.0
-1029224351861462659-2504290740,ICE 2570,Frankfurt(Main)Hbf,Berlin Südkreuz,2025-04-29 07:40:00,1,7,67,2025-04-29 07:00:00,2025-04-29 07:00:00,10.27,70.0,3.13,clear sky,0.0,0.0
-1029224351861462659-2504290740,ICE 2570,Kassel-Wilhelmshöhe,Göttingen,2025-04-29 09:49:00,1,9,0,2025-04-29 09:00:00,2025-04-29 09:00:00,10.72,76.0,1.03,clear sky,0.0,0.0
-1029224351861462659-2504290740,ICE 2570,Kassel-Wilhelmshöhe,Hildesheim Hbf,2025-04-29 09:49:00,1,9,0,2025-04-29 09:00:00,2025-04-29 09:00:00,10.72,76.0,1.03,clear sky,0.0,0.0
-1029224351861462659-2504290740,ICE 2570,Kassel-Wilhelmshöhe,Braunschweig Hbf,2025-04-29 09:49:00,1,9,0,2025-04-29 09:00:00,2025-04-29 09:00:00,10.72,76.0,1.03,clear sky,0.0,0.0
-1029224351861462659-2504290740,ICE 2570,Kassel-Wilhelmshöhe,Wolfsburg Hbf,2025-04-29 09:49:00,1,9,3,2025-04-29 09:00:00,2025-04-29 09:00:00,10.72,76.0,1.03,clear sky,0.0,0.0
-1029224351861462659-2504290740,ICE 2570,Kassel-Wilhelmshöhe,Berlin-Spandau,2025-04-29 09:49:00,1,9,68,2025-04-29 09:00:00,2025-04-29 09:00:00,10.72,76.0,1.03,clear sky,0.0,0.0
-1029224351861462659-2504290740,ICE 2570,Kassel-Wilhelmshöhe,Berlin Hbf,2025-04-29 09:49:00,1,9,68,2025-04-29 09:00:00,2025-04-29 09:00:00,10.72,76.0,1.03,clear sky,0.0,0.0
-1029224351861462659-2504290740,ICE 2570,Kassel-Wilhelmshöhe,Berlin Südkreuz,2025-04-29 09:49:00,1,9,67,2025-04-29 09:00:00,2025-04-29 09:00:00,10.72,76.0,1.03,clear sky,0.0,0.0
-1029224351861462659-2504290740,ICE 2570,Göttingen,Hildesheim Hbf,2025-04-29 10:09:00,1,10,0,2025-04-29 10:00:00,2025-04-29 10:00:00,15.84,64.0,1.53,overcast clouds,0.0,0.0
-1029224351861462659-2504290740,ICE 2570,Göttingen,Braunschweig Hbf,2025-04-29 10:09:00,1,10,0,2025-04-29 10:00:00,2025-04-29 10:00:00,15.84,64.0,1.53,overcast clouds,0.0,0.0
-1029224351861462659-2504290740,ICE 2570,Göttingen,Wolfsburg Hbf,2025-04-29 10:09:00,1,10,3,2025-04-29 10:00:00,2025-04-29 10:00:00,15.84,64.0,1.53,overcast clouds,0.0,0.0
-1029224351861462659-2504290740,ICE 2570,Göttingen,Berlin-Spandau,2025-04-29 10:09:00,1,10,68,2025-04-29 10:00:00,2025-04-29 10:00:00,15.84,64.0,1.53,overcast clouds,0.0,0.0
-1029224351861462659-2504290740,ICE 2570,Göttingen,Berlin Hbf,2025-04-29 10:09:00,1,10,68,2025-04-29 10:00:00,2025-04-29 10:00:00,15.84,64.0,1.53,overcast clouds,0.0,0.0
-1029224351861462659-2504290740,ICE 2570,Göttingen,Berlin Südkreuz,2025-04-29 10:09:00,1,10,67,2025-04-29 10:00:00,2025-04-29 10:00:00,15.84,64.0,1.53,overcast clouds,0.0,0.0
-1029224351861462659-2504290740,ICE 2570,Hildesheim Hbf,Braunschweig Hbf,2025-04-29 10:37:00,1,10,0,2025-04-29 10:00:00,2025-04-29 10:00:00,16.6,51.0,0.45,overcast clouds,0.0,0.0
-1029224351861462659-2504290740,ICE 2570,Hildesheim Hbf,Wolfsburg Hbf,2025-04-29 10:37:00,1,10,3,2025-04-29 10:00:00,2025-04-29 10:00:00,16.6,51.0,0.45,overcast clouds,0.0,0.0
-1029224351861462659-2504290740,ICE 2570,Hildesheim Hbf,Berlin-Spandau,2025-04-29 10:37:00,1,10,68,2025-04-29 10:00:00,2025-04-29 10:00:00,16.6,51.0,0.45,overcast clouds,0.0,0.0
-1029224351861462659-2504290740,ICE 2570,Hildesheim Hbf,Berlin Hbf,2025-04-29 10:37:00,1,10,68,2025-04-29 10:00:00,2025-04-29 10:00:00,16.6,51.0,0.45,overcast clouds,0.0,0.0
-1029224351861462659-2504290740,ICE 2570,Hildesheim Hbf,Berlin Südkreuz,2025-04-29 10:37:00,1,10,67,2025-04-29 10:00:00,2025-04-29 10:00:00,16.6,51.0,0.45,overcast clouds,0.0,0.0
-1029224351861462659-2504290740,ICE 2570,Braunschweig Hbf,Wolfsburg Hbf,2025-04-29 11:03:00,1,11,3,2025-04-29 11:00:00,2025-04-29 11:00:00,17.47,55.0,1.79,overcast clouds,0.0,0.0
-1029224351861462659-2504290740,ICE 2570,Braunschweig Hbf,Berlin-Spandau,2025-04-29 11:03:00,1,11,68,2025-04-29 11:00:00,2025-04-29 11:00:00,17.47,55.0,1.79,overcast clouds,0.0,0.0
-1029224351861462659-2504290740,ICE 2570,Braunschweig Hbf,Berlin Hbf,2025-04-29 11:03:00,1,11,68,2025-04-29 11:00:00,2025-04-29 11:00:00,17.47,55.0,1.79,overcast clouds,0.0,0.0
-1029224351861462659-2504290740,ICE 2570,Braunschweig Hbf,Berlin Südkreuz,2025-04-29 11:03:00,1,11,67,2025-04-29 11:00:00,2025-04-29 11:00:00,17.47,55.0,1.79,overcast clouds,0.0,0.0
-1029224351861462659-2504290740,ICE 2570,Wolfsburg Hbf,Berlin-Spandau,2025-04-29 11:20:00,1,11,68,2025-04-29 11:00:00,2025-04-29 11:00:00,18.12,56.0,2.21,overcast clouds,0.0,0.0
-1029224351861462659-2504290740,ICE 2570,Wolfsburg Hbf,Berlin Hbf,2025-04-29 11:20:00,1,11,68,2025-04-29 11:00:00,2025-04-29 11:00:00,18.12,56.0,2.21,overcast clouds,0.0,0.0
-1029224351861462659-2504290740,ICE 2570,Wolfsburg Hbf,Berlin Südkreuz,2025-04-29 11:20:00,1,11,67,2025-04-29 11:00:00,2025-04-29 11:00:00,18.12,56.0,2.21,overcast clouds,0.0,0.0
-1029224351861462659-2504290740,ICE 2570,Berlin-Spandau,Berlin Hbf,2025-04-29 12:24:00,1,12,68,2025-04-29 12:00:00,2025-04-29 12:00:00,15.38,80.0,4.04,overcast clouds,0.0,0.0
-1029224351861462659-2504290740,ICE 2570,Berlin-Spandau,Berlin Südkreuz,2025-04-29 12:24:00,1,12,67,2025-04-29 12:00:00,2025-04-29 12:00:00,15.38,80.0,4.04,overcast clouds,0.0,0.0
-1029224351861462659-2504290740,ICE 2570,Berlin Hbf,Berlin Südkreuz,2025-04-29 12:37:00,1,12,67,2025-04-29 12:00:00,2025-04-29 12:00:00,15.38,80.0,4.04,overcast clouds,0.0,0.0
-1029224351861462659-2504300740,ICE 2570,Frankfurt(Main)Hbf,Kassel-Wilhelmshöhe,2025-04-30 07:40:00,2,7,12,2025-04-30 07:00:00,2025-04-30 07:00:00,11.9,77.0,2.68,clear sky,0.0,0.0
-1029224351861462659-2504300740,ICE 2570,Frankfurt(Main)Hbf,Göttingen,2025-04-30 07:40:00,2,7,11,2025-04-30 07:00:00,2025-04-30 07:00:00,11.9,77.0,2.68,clear sky,0.0,0.0
-1029224351861462659-2504300740,ICE 2570,Frankfurt(Main)Hbf,Hildesheim Hbf,2025-04-30 07:40:00,2,7,9,2025-04-30 07:00:00,2025-04-30 07:00:00,11.9,77.0,2.68,clear sky,0.0,0.0
-1029224351861462659-2504300740,ICE 2570,Frankfurt(Main)Hbf,Braunschweig Hbf,2025-04-30 07:40:00,2,7,7,2025-04-30 07:00:00,2025-04-30 07:00:00,11.9,77.0,2.68,clear sky,0.0,0.0
-1029224351861462659-2504300740,ICE 2570,Frankfurt(Main)Hbf,Wolfsburg Hbf,2025-04-30 07:40:00,2,7,5,2025-04-30 07:00:00,2025-04-30 07:00:00,11.9,77.0,2.68,clear sky,0.0,0.0
-1029224351861462659-2504300740,ICE 2570,Frankfurt(Main)Hbf,Berlin-Spandau,2025-04-30 07:40:00,2,7,0,2025-04-30 07:00:00,2025-04-30 07:00:00,11.9,77.0,2.68,clear sky,0.0,0.0
-1029224351861462659-2504300740,ICE 2570,Frankfurt(Main)Hbf,Berlin Hbf,2025-04-30 07:40:00,2,7,0,2025-04-30 07:00:00,2025-04-30 07:00:00,11.9,77.0,2.68,clear sky,0.0,0.0
-1029224351861462659-2504300740,ICE 2570,Frankfurt(Main)Hbf,Berlin Südkreuz,2025-04-30 07:40:00,2,7,2,2025-04-30 07:00:00,2025-04-30 07:00:00,11.9,77.0,2.68,clear sky,0.0,0.0
-1029224351861462659-2504300740,ICE 2570,Kassel-Wilhelmshöhe,Göttingen,2025-04-30 09:49:00,2,9,11,2025-04-30 09:00:00,2025-04-30 09:00:00,12.72,87.0,1.03,clear sky,0.0,0.0
-1029224351861462659-2504300740,ICE 2570,Kassel-Wilhelmshöhe,Hildesheim Hbf,2025-04-30 09:49:00,2,9,9,2025-04-30 09:00:00,2025-04-30 09:00:00,12.72,87.0,1.03,clear sky,0.0,0.0
-1029224351861462659-2504300740,ICE 2570,Kassel-Wilhelmshöhe,Braunschweig Hbf,2025-04-30 09:49:00,2,9,7,2025-04-30 09:00:00,2025-04-30 09:00:00,12.72,87.0,1.03,clear sky,0.0,0.0
-1029224351861462659-2504300740,ICE 2570,Kassel-Wilhelmshöhe,Wolfsburg Hbf,2025-04-30 09:49:00,2,9,5,2025-04-30 09:00:00,2025-04-30 09:00:00,12.72,87.0,1.03,clear sky,0.0,0.0
-1029224351861462659-2504300740,ICE 2570,Kassel-Wilhelmshöhe,Berlin-Spandau,2025-04-30 09:49:00,2,9,0,2025-04-30 09:00:00,2025-04-30 09:00:00,12.72,87.0,1.03,clear sky,0.0,0.0
-1029224351861462659-2504300740,ICE 2570,Kassel-Wilhelmshöhe,Berlin Hbf,2025-04-30 09:49:00,2,9,0,2025-04-30 09:00:00,2025-04-30 09:00:00,12.72,87.0,1.03,clear sky,0.0,0.0
-1029224351861462659-2504300740,ICE 2570,Kassel-Wilhelmshöhe,Berlin Südkreuz,2025-04-30 09:49:00,2,9,2,2025-04-30 09:00:00,2025-04-30 09:00:00,12.72,87.0,1.03,clear sky,0.0,0.0
-1029224351861462659-2504300740,ICE 2570,Göttingen,Hildesheim Hbf,2025-04-30 10:09:00,2,10,9,2025-04-30 10:00:00,2025-04-30 10:00:00,17.26,73.0,0.83,scattered clouds,0.0,0.0
-1029224351861462659-2504300740,ICE 2570,Göttingen,Braunschweig Hbf,2025-04-30 10:09:00,2,10,7,2025-04-30 10:00:00,2025-04-30 10:00:00,17.26,73.0,0.83,scattered clouds,0.0,0.0
-1029224351861462659-2504300740,ICE 2570,Göttingen,Wolfsburg Hbf,2025-04-30 10:09:00,2,10,5,2025-04-30 10:00:00,2025-04-30 10:00:00,17.26,73.0,0.83,scattered clouds,0.0,0.0
-1029224351861462659-2504300740,ICE 2570,Göttingen,Berlin-Spandau,2025-04-30 10:09:00,2,10,0,2025-04-30 10:00:00,2025-04-30 10:00:00,17.26,73.0,0.83,scattered clouds,0.0,0.0
-1029224351861462659-2504300740,ICE 2570,Göttingen,Berlin Hbf,2025-04-30 10:09:00,2,10,0,2025-04-30 10:00:00,2025-04-30 10:00:00,17.26,73.0,0.83,scattered clouds,0.0,0.0
-1029224351861462659-2504300740,ICE 2570,Göttingen,Berlin Südkreuz,2025-04-30 10:09:00,2,10,2,2025-04-30 10:00:00,2025-04-30 10:00:00,17.26,73.0,0.83,scattered clouds,0.0,0.0
-1029224351861462659-2504300740,ICE 2570,Hildesheim Hbf,Braunschweig Hbf,2025-04-30 10:37:00,2,10,7,2025-04-30 10:00:00,2025-04-30 10:00:00,17.15,74.0,0.88,overcast clouds,0.0,0.0
-1029224351861462659-2504300740,ICE 2570,Hildesheim Hbf,Wolfsburg Hbf,2025-04-30 10:37:00,2,10,5,2025-04-30 10:00:00,2025-04-30 10:00:00,17.15,74.0,0.88,overcast clouds,0.0,0.0
-1029224351861462659-2504300740,ICE 2570,Hildesheim Hbf,Berlin-Spandau,2025-04-30 10:37:00,2,10,0,2025-04-30 10:00:00,2025-04-30 10:00:00,17.15,74.0,0.88,overcast clouds,0.0,0.0
-1029224351861462659-2504300740,ICE 2570,Hildesheim Hbf,Berlin Hbf,2025-04-30 10:37:00,2,10,0,2025-04-30 10:00:00,2025-04-30 10:00:00,17.15,74.0,0.88,overcast clouds,0.0,0.0
-1029224351861462659-2504300740,ICE 2570,Hildesheim Hbf,Berlin Südkreuz,2025-04-30 10:37:00,2,10,2,2025-04-30 10:00:00,2025-04-30 10:00:00,17.15,74.0,0.88,overcast clouds,0.0,0.0
-1029224351861462659-2504300740,ICE 2570,Braunschweig Hbf,Wolfsburg Hbf,2025-04-30 11:03:00,2,11,5,2025-04-30 11:00:00,2025-04-30 11:00:00,19.57,60.0,1.03,clear sky,0.0,0.0
-1029224351861462659-2504300740,ICE 2570,Braunschweig Hbf,Berlin-Spandau,2025-04-30 11:03:00,2,11,0,2025-04-30 11:00:00,2025-04-30 11:00:00,19.57,60.0,1.03,clear sky,0.0,0.0
-1029224351861462659-2504300740,ICE 2570,Braunschweig Hbf,Berlin Hbf,2025-04-30 11:03:00,2,11,0,2025-04-30 11:00:00,2025-04-30 11:00:00,19.57,60.0,1.03,clear sky,0.0,0.0
-1029224351861462659-2504300740,ICE 2570,Braunschweig Hbf,Berlin Südkreuz,2025-04-30 11:03:00,2,11,2,2025-04-30 11:00:00,2025-04-30 11:00:00,19.57,60.0,1.03,clear sky,0.0,0.0
-1029224351861462659-2504300740,ICE 2570,Wolfsburg Hbf,Berlin-Spandau,2025-04-30 11:20:00,2,11,0,2025-04-30 11:00:00,2025-04-30 11:00:00,20.39,60.0,0.31,overcast clouds,0.0,0.0
-1029224351861462659-2504300740,ICE 2570,Wolfsburg Hbf,Berlin Hbf,2025-04-30 11:20:00,2,11,0,2025-04-30 11:00:00,2025-04-30 11:00:00,20.39,60.0,0.31,overcast clouds,0.0,0.0
-1029224351861462659-2504300740,ICE 2570,Wolfsburg Hbf,Berlin Südkreuz,2025-04-30 11:20:00,2,11,2,2025-04-30 11:00:00,2025-04-30 11:00:00,20.39,60.0,0.31,overcast clouds,0.0,0.0
-1029224351861462659-2504300740,ICE 2570,Berlin-Spandau,Berlin Hbf,2025-04-30 12:24:00,2,12,0,2025-04-30 12:00:00,2025-04-30 12:00:00,18.15,75.0,3.14,overcast clouds,0.0,0.0
-1029224351861462659-2504300740,ICE 2570,Berlin-Spandau,Berlin Südkreuz,2025-04-30 12:24:00,2,12,2,2025-04-30 12:00:00,2025-04-30 12:00:00,18.15,75.0,3.14,overcast clouds,0.0,0.0
-1029224351861462659-2504300740,ICE 2570,Berlin Hbf,Berlin Südkreuz,2025-04-30 12:37:00,2,12,2,2025-04-30 12:00:00,2025-04-30 12:00:00,18.15,75.0,3.14,overcast clouds,0.0,0.0
-105577722398962707-2504201928,ICE 2559,Berlin Ostbahnhof,Leipzig Hbf,2025-04-20 19:28:00,6,19,0,2025-04-20 19:00:00,2025-04-20 19:00:00,12.04,78.0,3.38,few clouds,0.0,0.0
-105577722398962707-2504201928,ICE 2559,Berlin Ostbahnhof,Erfurt Hbf,2025-04-20 19:28:00,6,19,0,2025-04-20 19:00:00,2025-04-20 19:00:00,12.04,78.0,3.38,few clouds,0.0,0.0
-105577722398962707-2504201928,ICE 2559,Berlin Ostbahnhof,Fulda,2025-04-20 19:28:00,6,19,0,2025-04-20 19:00:00,2025-04-20 19:00:00,12.04,78.0,3.38,few clouds,0.0,0.0
-105577722398962707-2504201928,ICE 2559,Berlin Ostbahnhof,Frankfurt(Main)Hbf,2025-04-20 19:28:00,6,19,0,2025-04-20 19:00:00,2025-04-20 19:00:00,12.04,78.0,3.38,few clouds,0.0,0.0
-105577722398962707-2504201928,ICE 2559,Berlin Ostbahnhof,Mannheim Hbf,2025-04-20 19:28:00,6,19,0,2025-04-20 19:00:00,2025-04-20 19:00:00,12.04,78.0,3.38,few clouds,0.0,0.0
-105577722398962707-2504201928,ICE 2559,Berlin Ostbahnhof,Karlsruhe Hbf,2025-04-20 19:28:00,6,19,0,2025-04-20 19:00:00,2025-04-20 19:00:00,12.04,78.0,3.38,few clouds,0.0,0.0
-105577722398962707-2504201928,ICE 2559,Leipzig Hbf,Erfurt Hbf,2025-04-20 21:01:00,6,21,0,2025-04-20 21:00:00,2025-04-20 21:00:00,16.49,70.0,3.6,clear sky,0.0,0.0
-105577722398962707-2504201928,ICE 2559,Leipzig Hbf,Fulda,2025-04-20 21:01:00,6,21,0,2025-04-20 21:00:00,2025-04-20 21:00:00,16.49,70.0,3.6,clear sky,0.0,0.0
-105577722398962707-2504201928,ICE 2559,Leipzig Hbf,Frankfurt(Main)Hbf,2025-04-20 21:01:00,6,21,0,2025-04-20 21:00:00,2025-04-20 21:00:00,16.49,70.0,3.6,clear sky,0.0,0.0
-105577722398962707-2504201928,ICE 2559,Leipzig Hbf,Mannheim Hbf,2025-04-20 21:01:00,6,21,0,2025-04-20 21:00:00,2025-04-20 21:00:00,16.49,70.0,3.6,clear sky,0.0,0.0
-105577722398962707-2504201928,ICE 2559,Leipzig Hbf,Karlsruhe Hbf,2025-04-20 21:01:00,6,21,0,2025-04-20 21:00:00,2025-04-20 21:00:00,16.49,70.0,3.6,clear sky,0.0,0.0
-105577722398962707-2504201928,ICE 2559,Erfurt Hbf,Fulda,2025-04-20 21:50:00,6,21,0,2025-04-20 21:00:00,2025-04-20 21:00:00,13.78,92.0,3.09,thunderstorm with heavy rain,1.0,0.0
-105577722398962707-2504201928,ICE 2559,Erfurt Hbf,Frankfurt(Main)Hbf,2025-04-20 21:50:00,6,21,0,2025-04-20 21:00:00,2025-04-20 21:00:00,13.78,92.0,3.09,thunderstorm with heavy rain,1.0,0.0
-105577722398962707-2504201928,ICE 2559,Erfurt Hbf,Mannheim Hbf,2025-04-20 21:50:00,6,21,0,2025-04-20 21:00:00,2025-04-20 21:00:00,13.78,92.0,3.09,thunderstorm with heavy rain,1.0,0.0
-105577722398962707-2504201928,ICE 2559,Erfurt Hbf,Karlsruhe Hbf,2025-04-20 21:50:00,6,21,0,2025-04-20 21:00:00,2025-04-20 21:00:00,13.78,92.0,3.09,thunderstorm with heavy rain,1.0,0.0
-105577722398962707-2504201928,ICE 2559,Fulda,Frankfurt(Main)Hbf,2025-04-20 23:12:00,6,23,0,2025-04-20 23:00:00,2025-04-20 23:00:00,9.97,96.0,0.89,overcast clouds,0.0,0.0
-105577722398962707-2504201928,ICE 2559,Fulda,Mannheim Hbf,2025-04-20 23:12:00,6,23,0,2025-04-20 23:00:00,2025-04-20 23:00:00,9.97,96.0,0.89,overcast clouds,0.0,0.0
-105577722398962707-2504201928,ICE 2559,Fulda,Karlsruhe Hbf,2025-04-20 23:12:00,6,23,0,2025-04-20 23:00:00,2025-04-20 23:00:00,9.97,96.0,0.89,overcast clouds,0.0,0.0
-105577722398962707-2504201928,ICE 2559,Frankfurt(Main)Hbf,Mannheim Hbf,2025-04-21 00:50:00,0,0,0,2025-04-21 00:00:00,2025-04-21 00:00:00,9.1,89.0,0.51,clear sky,0.0,0.0
-105577722398962707-2504201928,ICE 2559,Frankfurt(Main)Hbf,Karlsruhe Hbf,2025-04-21 00:50:00,0,0,0,2025-04-21 00:00:00,2025-04-21 00:00:00,9.1,89.0,0.51,clear sky,0.0,0.0
-105577722398962707-2504201928,ICE 2559,Mannheim Hbf,Karlsruhe Hbf,2025-04-21 01:30:00,0,1,0,2025-04-21 01:00:00,2025-04-21 01:00:00,7.64,88.0,1.03,clear sky,0.0,0.0
-105577722398962707-2504211913,ICE 2559,Berlin Ostbahnhof,Leipzig Hbf,2025-04-21 19:13:00,0,19,0,2025-04-21 19:00:00,2025-04-21 19:00:00,17.71,73.0,2.47,overcast clouds,0.0,0.0
-105577722398962707-2504211913,ICE 2559,Berlin Ostbahnhof,Erfurt Hbf,2025-04-21 19:13:00,0,19,0,2025-04-21 19:00:00,2025-04-21 19:00:00,17.71,73.0,2.47,overcast clouds,0.0,0.0
-105577722398962707-2504211913,ICE 2559,Berlin Ostbahnhof,Fulda,2025-04-21 19:13:00,0,19,0,2025-04-21 19:00:00,2025-04-21 19:00:00,17.71,73.0,2.47,overcast clouds,0.0,0.0
-105577722398962707-2504211913,ICE 2559,Berlin Ostbahnhof,Frankfurt(Main)Hbf,2025-04-21 19:13:00,0,19,0,2025-04-21 19:00:00,2025-04-21 19:00:00,17.71,73.0,2.47,overcast clouds,0.0,0.0
-105577722398962707-2504211913,ICE 2559,Berlin Ostbahnhof,Mannheim Hbf,2025-04-21 19:13:00,0,19,0,2025-04-21 19:00:00,2025-04-21 19:00:00,17.71,73.0,2.47,overcast clouds,0.0,0.0
-105577722398962707-2504211913,ICE 2559,Berlin Ostbahnhof,Karlsruhe Hbf,2025-04-21 19:13:00,0,19,0,2025-04-21 19:00:00,2025-04-21 19:00:00,17.71,73.0,2.47,overcast clouds,0.0,0.0
-105577722398962707-2504211913,ICE 2559,Leipzig Hbf,Erfurt Hbf,2025-04-21 20:48:00,0,20,0,2025-04-21 20:00:00,2025-04-21 20:00:00,16.81,55.0,2.57,clear sky,0.0,0.0
-105577722398962707-2504211913,ICE 2559,Leipzig Hbf,Fulda,2025-04-21 20:48:00,0,20,0,2025-04-21 20:00:00,2025-04-21 20:00:00,16.81,55.0,2.57,clear sky,0.0,0.0
-105577722398962707-2504211913,ICE 2559,Leipzig Hbf,Frankfurt(Main)Hbf,2025-04-21 20:48:00,0,20,0,2025-04-21 20:00:00,2025-04-21 20:00:00,16.81,55.0,2.57,clear sky,0.0,0.0
-105577722398962707-2504211913,ICE 2559,Leipzig Hbf,Mannheim Hbf,2025-04-21 20:48:00,0,20,0,2025-04-21 20:00:00,2025-04-21 20:00:00,16.81,55.0,2.57,clear sky,0.0,0.0
-105577722398962707-2504211913,ICE 2559,Leipzig Hbf,Karlsruhe Hbf,2025-04-21 20:48:00,0,20,0,2025-04-21 20:00:00,2025-04-21 20:00:00,16.81,55.0,2.57,clear sky,0.0,0.0
-105577722398962707-2504211913,ICE 2559,Erfurt Hbf,Fulda,2025-04-21 21:30:00,0,21,0,2025-04-21 21:00:00,2025-04-21 21:00:00,12.78,84.0,1.54,light intensity shower rain,0.13,0.0
-105577722398962707-2504211913,ICE 2559,Erfurt Hbf,Frankfurt(Main)Hbf,2025-04-21 21:30:00,0,21,0,2025-04-21 21:00:00,2025-04-21 21:00:00,12.78,84.0,1.54,light intensity shower rain,0.13,0.0
-105577722398962707-2504211913,ICE 2559,Erfurt Hbf,Mannheim Hbf,2025-04-21 21:30:00,0,21,0,2025-04-21 21:00:00,2025-04-21 21:00:00,12.78,84.0,1.54,light intensity shower rain,0.13,0.0
-105577722398962707-2504211913,ICE 2559,Erfurt Hbf,Karlsruhe Hbf,2025-04-21 21:30:00,0,21,0,2025-04-21 21:00:00,2025-04-21 21:00:00,12.78,84.0,1.54,light intensity shower rain,0.13,0.0
-105577722398962707-2504211913,ICE 2559,Fulda,Frankfurt(Main)Hbf,2025-04-21 22:52:00,0,22,0,2025-04-21 22:00:00,2025-04-21 22:00:00,9.42,99.0,0.89,overcast clouds,0.0,0.0
-105577722398962707-2504211913,ICE 2559,Fulda,Mannheim Hbf,2025-04-21 22:52:00,0,22,0,2025-04-21 22:00:00,2025-04-21 22:00:00,9.42,99.0,0.89,overcast clouds,0.0,0.0
-105577722398962707-2504211913,ICE 2559,Fulda,Karlsruhe Hbf,2025-04-21 22:52:00,0,22,0,2025-04-21 22:00:00,2025-04-21 22:00:00,9.42,99.0,0.89,overcast clouds,0.0,0.0
-105577722398962707-2504211913,ICE 2559,Frankfurt(Main)Hbf,Mannheim Hbf,2025-04-22 00:50:00,1,0,0,2025-04-22 00:00:00,2025-04-22 00:00:00,10.97,86.0,3.09,broken clouds,0.0,0.0
-105577722398962707-2504211913,ICE 2559,Frankfurt(Main)Hbf,Karlsruhe Hbf,2025-04-22 00:50:00,1,0,0,2025-04-22 00:00:00,2025-04-22 00:00:00,10.97,86.0,3.09,broken clouds,0.0,0.0
-105577722398962707-2504211913,ICE 2559,Mannheim Hbf,Karlsruhe Hbf,2025-04-22 01:30:00,1,1,0,2025-04-22 01:00:00,2025-04-22 01:00:00,10.76,88.0,1.54,overcast clouds,0.0,0.0
-1057492321374091038-2501011731,ICE 713,Köln Hbf,Wiesbaden Hbf,2025-01-01 17:31:00,2,17,2,2025-01-01 17:00:00,2025-01-01 17:00:00,7.04,79.0,8.75,light rain,0.24,0.0
-1057492321374091038-2501011731,ICE 713,Köln Hbf,Mainz Hbf,2025-01-01 17:31:00,2,17,7,2025-01-01 17:00:00,2025-01-01 17:00:00,7.04,79.0,8.75,light rain,0.24,0.0
-1057492321374091038-2501011731,ICE 713,Köln Hbf,Frankfurt(Main)Hbf,2025-01-01 17:31:00,2,17,7,2025-01-01 17:00:00,2025-01-01 17:00:00,7.04,79.0,8.75,light rain,0.24,0.0
-1057492321374091038-2501011731,ICE 713,Wiesbaden Hbf,Mainz Hbf,2025-01-01 18:46:00,2,18,7,2025-01-01 18:00:00,2025-01-01 18:00:00,4.86,80.0,4.02,broken clouds,0.0,0.0
-1057492321374091038-2501011731,ICE 713,Wiesbaden Hbf,Frankfurt(Main)Hbf,2025-01-01 18:46:00,2,18,7,2025-01-01 18:00:00,2025-01-01 18:00:00,4.86,80.0,4.02,broken clouds,0.0,0.0
-1057492321374091038-2501011731,ICE 713,Mainz Hbf,Frankfurt(Main)Hbf,2025-01-01 18:57:00,2,18,7,2025-01-01 18:00:00,2025-01-01 18:00:00,5.11,76.0,6.17,clear sky,0.0,0.0
-1057492321374091038-2501021731,ICE 713,Köln Hbf,Wiesbaden Hbf,2025-01-02 17:31:00,3,17,39,2025-01-02 17:00:00,2025-01-02 17:00:00,3.52,88.0,2.57,broken clouds,0.0,0.0
-1057492321374091038-2501021731,ICE 713,Köln Hbf,Mainz Hbf,2025-01-02 17:31:00,3,17,46,2025-01-02 17:00:00,2025-01-02 17:00:00,3.52,88.0,2.57,broken clouds,0.0,0.0
-1057492321374091038-2501021731,ICE 713,Köln Hbf,Frankfurt(Main)Hbf,2025-01-02 17:31:00,3,17,35,2025-01-02 17:00:00,2025-01-02 17:00:00,3.52,88.0,2.57,broken clouds,0.0,0.0
-1057492321374091038-2501021731,ICE 713,Wiesbaden Hbf,Mainz Hbf,2025-01-02 18:46:00,3,18,46,2025-01-02 18:00:00,2025-01-02 18:00:00,1.39,94.0,3.09,light rain,0.51,0.0
-1057492321374091038-2501021731,ICE 713,Wiesbaden Hbf,Frankfurt(Main)Hbf,2025-01-02 18:46:00,3,18,35,2025-01-02 18:00:00,2025-01-02 18:00:00,1.39,94.0,3.09,light rain,0.51,0.0
-1057492321374091038-2501021731,ICE 713,Mainz Hbf,Frankfurt(Main)Hbf,2025-01-02 18:57:00,3,18,35,2025-01-02 18:00:00,2025-01-02 18:00:00,1.65,94.0,3.09,light rain,0.51,0.0
-1057492321374091038-2501031731,ICE 713,Köln Hbf,Wiesbaden Hbf,2025-01-03 17:31:00,4,17,2,2025-01-03 17:00:00,2025-01-03 17:00:00,2.58,83.0,7.2,light rain,0.32,0.0
-1057492321374091038-2501031731,ICE 713,Köln Hbf,Mainz Hbf,2025-01-03 17:31:00,4,17,1,2025-01-03 17:00:00,2025-01-03 17:00:00,2.58,83.0,7.2,light rain,0.32,0.0
-1057492321374091038-2501031731,ICE 713,Köln Hbf,Frankfurt(Main)Hbf,2025-01-03 17:31:00,4,17,3,2025-01-03 17:00:00,2025-01-03 17:00:00,2.58,83.0,7.2,light rain,0.32,0.0
-1057492321374091038-2501031731,ICE 713,Wiesbaden Hbf,Mainz Hbf,2025-01-03 18:46:00,4,18,1,2025-01-03 18:00:00,2025-01-03 18:00:00,1.56,82.0,5.66,overcast clouds,0.0,0.0
-1057492321374091038-2501031731,ICE 713,Wiesbaden Hbf,Frankfurt(Main)Hbf,2025-01-03 18:46:00,4,18,3,2025-01-03 18:00:00,2025-01-03 18:00:00,1.56,82.0,5.66,overcast clouds,0.0,0.0
-1057492321374091038-2501031731,ICE 713,Mainz Hbf,Frankfurt(Main)Hbf,2025-01-03 18:57:00,4,18,3,2025-01-03 18:00:00,2025-01-03 18:00:00,1.66,80.0,6.17,overcast clouds,0.0,0.0
-1057492321374091038-2501051731,ICE 713,Köln Hbf,Wiesbaden Hbf,2025-01-05 17:31:00,6,17,5,2025-01-05 17:00:00,2025-01-05 17:00:00,10.95,90.0,4.63,overcast clouds,0.0,0.0
-1057492321374091038-2501051731,ICE 713,Köln Hbf,Mainz Hbf,2025-01-05 17:31:00,6,17,9,2025-01-05 17:00:00,2025-01-05 17:00:00,10.95,90.0,4.63,overcast clouds,0.0,0.0
-1057492321374091038-2501051731,ICE 713,Köln Hbf,Frankfurt(Main)Hbf,2025-01-05 17:31:00,6,17,0,2025-01-05 17:00:00,2025-01-05 17:00:00,10.95,90.0,4.63,overcast clouds,0.0,0.0
-1057492321374091038-2501051731,ICE 713,Wiesbaden Hbf,Mainz Hbf,2025-01-05 18:46:00,6,18,9,2025-01-05 18:00:00,2025-01-05 18:00:00,7.07,98.0,4.46,overcast clouds,0.0,0.0
-1057492321374091038-2501051731,ICE 713,Wiesbaden Hbf,Frankfurt(Main)Hbf,2025-01-05 18:46:00,6,18,0,2025-01-05 18:00:00,2025-01-05 18:00:00,7.07,98.0,4.46,overcast clouds,0.0,0.0
-1057492321374091038-2501051731,ICE 713,Mainz Hbf,Frankfurt(Main)Hbf,2025-01-05 18:57:00,6,18,0,2025-01-05 18:00:00,2025-01-05 18:00:00,7.14,82.0,4.69,overcast clouds,0.0,0.0
-1057492321374091038-2501061731,ICE 713,Köln Hbf,Wiesbaden Hbf,2025-01-06 17:31:00,0,17,0,2025-01-06 17:00:00,2025-01-06 17:00:00,9.53,71.0,10.8,light rain,0.2,0.0
-1057492321374091038-2501061731,ICE 713,Köln Hbf,Mainz Hbf,2025-01-06 17:31:00,0,17,0,2025-01-06 17:00:00,2025-01-06 17:00:00,9.53,71.0,10.8,light rain,0.2,0.0
-1057492321374091038-2501061731,ICE 713,Köln Hbf,Frankfurt(Main)Hbf,2025-01-06 17:31:00,0,17,0,2025-01-06 17:00:00,2025-01-06 17:00:00,9.53,71.0,10.8,light rain,0.2,0.0
-1057492321374091038-2501061731,ICE 713,Wiesbaden Hbf,Mainz Hbf,2025-01-06 18:46:00,0,18,0,2025-01-06 18:00:00,2025-01-06 18:00:00,9.5,78.0,8.75,few clouds,0.0,0.0
-1057492321374091038-2501061731,ICE 713,Wiesbaden Hbf,Frankfurt(Main)Hbf,2025-01-06 18:46:00,0,18,0,2025-01-06 18:00:00,2025-01-06 18:00:00,9.5,78.0,8.75,few clouds,0.0,0.0
-1057492321374091038-2501061731,ICE 713,Mainz Hbf,Frankfurt(Main)Hbf,2025-01-06 18:57:00,0,18,0,2025-01-06 18:00:00,2025-01-06 18:00:00,9.72,76.0,11.83,few clouds,0.0,0.0
-1057492321374091038-2501071731,ICE 713,Köln Hbf,Wiesbaden Hbf,2025-01-07 17:31:00,1,17,2,2025-01-07 17:00:00,2025-01-07 17:00:00,4.8,77.0,6.17,light rain,0.84,0.0
-1057492321374091038-2501071731,ICE 713,Köln Hbf,Mainz Hbf,2025-01-07 17:31:00,1,17,4,2025-01-07 17:00:00,2025-01-07 17:00:00,4.8,77.0,6.17,light rain,0.84,0.0
-1057492321374091038-2501071731,ICE 713,Köln Hbf,Frankfurt(Main)Hbf,2025-01-07 17:31:00,1,17,8,2025-01-07 17:00:00,2025-01-07 17:00:00,4.8,77.0,6.17,light rain,0.84,0.0
-1057492321374091038-2501071731,ICE 713,Wiesbaden Hbf,Mainz Hbf,2025-01-07 18:46:00,1,18,4,2025-01-07 18:00:00,2025-01-07 18:00:00,4.98,78.0,6.17,overcast clouds,0.0,0.0
-1057492321374091038-2501071731,ICE 713,Wiesbaden Hbf,Frankfurt(Main)Hbf,2025-01-07 18:46:00,1,18,8,2025-01-07 18:00:00,2025-01-07 18:00:00,4.98,78.0,6.17,overcast clouds,0.0,0.0
-1057492321374091038-2501071731,ICE 713,Mainz Hbf,Frankfurt(Main)Hbf,2025-01-07 18:57:00,1,18,8,2025-01-07 18:00:00,2025-01-07 18:00:00,5.34,74.0,7.72,overcast clouds,0.0,0.0
-1057492321374091038-2501081731,ICE 713,Köln Hbf,Wiesbaden Hbf,2025-01-08 17:31:00,2,17,4,2025-01-08 17:00:00,2025-01-08 17:00:00,4.46,81.0,2.57,light rain,0.21,0.0
-1057492321374091038-2501081731,ICE 713,Köln Hbf,Mainz Hbf,2025-01-08 17:31:00,2,17,7,2025-01-08 17:00:00,2025-01-08 17:00:00,4.46,81.0,2.57,light rain,0.21,0.0
-1057492321374091038-2501081731,ICE 713,Köln Hbf,Frankfurt(Main)Hbf,2025-01-08 17:31:00,2,17,16,2025-01-08 17:00:00,2025-01-08 17:00:00,4.46,81.0,2.57,light rain,0.21,0.0
-1057492321374091038-2501081731,ICE 713,Wiesbaden Hbf,Mainz Hbf,2025-01-08 18:46:00,2,18,7,2025-01-08 18:00:00,2025-01-08 18:00:00,1.31,93.0,1.79,snow,0.0,0.87
-1057492321374091038-2501081731,ICE 713,Wiesbaden Hbf,Frankfurt(Main)Hbf,2025-01-08 18:46:00,2,18,16,2025-01-08 18:00:00,2025-01-08 18:00:00,1.31,93.0,1.79,snow,0.0,0.87
-1057492321374091038-2501081731,ICE 713,Mainz Hbf,Frankfurt(Main)Hbf,2025-01-08 18:57:00,2,18,16,2025-01-08 18:00:00,2025-01-08 18:00:00,1.42,93.0,2.57,snow,0.0,1.0
-1057492321374091038-2501091731,ICE 713,Köln Hbf,Wiesbaden Hbf,2025-01-09 17:31:00,3,17,19,2025-01-09 17:00:00,2025-01-09 17:00:00,1.26,92.0,6.17,broken clouds,0.0,0.0
-1057492321374091038-2501091731,ICE 713,Köln Hbf,Mainz Hbf,2025-01-09 17:31:00,3,17,19,2025-01-09 17:00:00,2025-01-09 17:00:00,1.26,92.0,6.17,broken clouds,0.0,0.0
-1057492321374091038-2501091731,ICE 713,Köln Hbf,Frankfurt(Main)Hbf,2025-01-09 17:31:00,3,17,10,2025-01-09 17:00:00,2025-01-09 17:00:00,1.26,92.0,6.17,broken clouds,0.0,0.0
-1057492321374091038-2501091731,ICE 713,Wiesbaden Hbf,Mainz Hbf,2025-01-09 18:46:00,3,18,19,2025-01-09 18:00:00,2025-01-09 18:00:00,2.26,89.0,5.66,overcast clouds,0.0,0.0
-1057492321374091038-2501091731,ICE 713,Wiesbaden Hbf,Frankfurt(Main)Hbf,2025-01-09 18:46:00,3,18,10,2025-01-09 18:00:00,2025-01-09 18:00:00,2.26,89.0,5.66,overcast clouds,0.0,0.0
-1057492321374091038-2501091731,ICE 713,Mainz Hbf,Frankfurt(Main)Hbf,2025-01-09 18:57:00,3,18,10,2025-01-09 18:00:00,2025-01-09 18:00:00,2.48,88.0,8.75,overcast clouds,0.0,0.0
-1057492321374091038-2501101731,ICE 713,Köln Hbf,Wiesbaden Hbf,2025-01-10 17:31:00,4,17,4,2025-01-10 17:00:00,2025-01-10 17:00:00,1.93,85.0,2.06,few clouds,0.0,0.0
-1057492321374091038-2501101731,ICE 713,Köln Hbf,Mainz Hbf,2025-01-10 17:31:00,4,17,12,2025-01-10 17:00:00,2025-01-10 17:00:00,1.93,85.0,2.06,few clouds,0.0,0.0
-1057492321374091038-2501101731,ICE 713,Köln Hbf,Frankfurt(Main)Hbf,2025-01-10 17:31:00,4,17,8,2025-01-10 17:00:00,2025-01-10 17:00:00,1.93,85.0,2.06,few clouds,0.0,0.0
-1057492321374091038-2501101731,ICE 713,Wiesbaden Hbf,Mainz Hbf,2025-01-10 18:46:00,4,18,12,2025-01-10 18:00:00,2025-01-10 18:00:00,1.74,79.0,2.06,clear sky,0.0,0.0
-1057492321374091038-2501101731,ICE 713,Wiesbaden Hbf,Frankfurt(Main)Hbf,2025-01-10 18:46:00,4,18,8,2025-01-10 18:00:00,2025-01-10 18:00:00,1.74,79.0,2.06,clear sky,0.0,0.0
-1057492321374091038-2501101731,ICE 713,Mainz Hbf,Frankfurt(Main)Hbf,2025-01-10 18:57:00,4,18,8,2025-01-10 18:00:00,2025-01-10 18:00:00,1.69,78.0,2.57,clear sky,0.0,0.0
-1057492321374091038-2501121731,ICE 713,Köln Hbf,Wiesbaden Hbf,2025-01-12 17:31:00,6,17,19,2025-01-12 17:00:00,2025-01-12 17:00:00,2.14,88.0,2.06,overcast clouds,0.0,0.0
-1057492321374091038-2501121731,ICE 713,Köln Hbf,Mainz Hbf,2025-01-12 17:31:00,6,17,18,2025-01-12 17:00:00,2025-01-12 17:00:00,2.14,88.0,2.06,overcast clouds,0.0,0.0
-1057492321374091038-2501121731,ICE 713,Köln Hbf,Frankfurt(Main)Hbf,2025-01-12 17:31:00,6,17,12,2025-01-12 17:00:00,2025-01-12 17:00:00,2.14,88.0,2.06,overcast clouds,0.0,0.0
-1057492321374091038-2501121731,ICE 713,Wiesbaden Hbf,Mainz Hbf,2025-01-12 18:46:00,6,18,18,2025-01-12 18:00:00,2025-01-12 18:00:00,2.16,74.0,1.79,few clouds,0.0,0.0
-1057492321374091038-2501121731,ICE 713,Wiesbaden Hbf,Frankfurt(Main)Hbf,2025-01-12 18:46:00,6,18,12,2025-01-12 18:00:00,2025-01-12 18:00:00,2.16,74.0,1.79,few clouds,0.0,0.0
-1057492321374091038-2501121731,ICE 713,Mainz Hbf,Frankfurt(Main)Hbf,2025-01-12 18:57:00,6,18,12,2025-01-12 18:00:00,2025-01-12 18:00:00,2.31,72.0,2.57,few clouds,0.0,0.0
-1057492321374091038-2501131731,ICE 713,Köln Hbf,Wiesbaden Hbf,2025-01-13 17:31:00,0,17,25,2025-01-13 17:00:00,2025-01-13 17:00:00,0.12,78.0,2.57,clear sky,0.0,0.0
-1057492321374091038-2501131731,ICE 713,Köln Hbf,Mainz Hbf,2025-01-13 17:31:00,0,17,27,2025-01-13 17:00:00,2025-01-13 17:00:00,0.12,78.0,2.57,clear sky,0.0,0.0
-1057492321374091038-2501131731,ICE 713,Köln Hbf,Frankfurt(Main)Hbf,2025-01-13 17:31:00,0,17,12,2025-01-13 17:00:00,2025-01-13 17:00:00,0.12,78.0,2.57,clear sky,0.0,0.0
-1057492321374091038-2501131731,ICE 713,Wiesbaden Hbf,Mainz Hbf,2025-01-13 18:46:00,0,18,27,2025-01-13 18:00:00,2025-01-13 18:00:00,-1.25,83.0,1.79,few clouds,0.0,0.0
-1057492321374091038-2501131731,ICE 713,Wiesbaden Hbf,Frankfurt(Main)Hbf,2025-01-13 18:46:00,0,18,12,2025-01-13 18:00:00,2025-01-13 18:00:00,-1.25,83.0,1.79,few clouds,0.0,0.0
-1057492321374091038-2501131731,ICE 713,Mainz Hbf,Frankfurt(Main)Hbf,2025-01-13 18:57:00,0,18,12,2025-01-13 18:00:00,2025-01-13 18:00:00,-1.04,83.0,2.57,few clouds,0.0,0.0
-1057492321374091038-2501141731,ICE 713,Köln Hbf,Wiesbaden Hbf,2025-01-14 17:31:00,1,17,2,2025-01-14 17:00:00,2025-01-14 17:00:00,0.91,76.0,1.03,clear sky,0.0,0.0
-1057492321374091038-2501141731,ICE 713,Köln Hbf,Mainz Hbf,2025-01-14 17:31:00,1,17,8,2025-01-14 17:00:00,2025-01-14 17:00:00,0.91,76.0,1.03,clear sky,0.0,0.0
-1057492321374091038-2501141731,ICE 713,Köln Hbf,Frankfurt(Main)Hbf,2025-01-14 17:31:00,1,17,5,2025-01-14 17:00:00,2025-01-14 17:00:00,0.91,76.0,1.03,clear sky,0.0,0.0
-1057492321374091038-2501141731,ICE 713,Wiesbaden Hbf,Mainz Hbf,2025-01-14 18:46:00,1,18,8,2025-01-14 18:00:00,2025-01-14 18:00:00,-0.12,84.0,0.89,few clouds,0.0,0.0
-1057492321374091038-2501141731,ICE 713,Wiesbaden Hbf,Frankfurt(Main)Hbf,2025-01-14 18:46:00,1,18,5,2025-01-14 18:00:00,2025-01-14 18:00:00,-0.12,84.0,0.89,few clouds,0.0,0.0
-1057492321374091038-2501141731,ICE 713,Mainz Hbf,Frankfurt(Main)Hbf,2025-01-14 18:57:00,1,18,5,2025-01-14 18:00:00,2025-01-14 18:00:00,-0.05,85.0,0.89,few clouds,0.0,0.0
-1057492321374091038-2501151731,ICE 713,Köln Hbf,Wiesbaden Hbf,2025-01-15 17:31:00,2,17,124,2025-01-15 17:00:00,2025-01-15 17:00:00,3.37,95.0,1.03,fog,0.0,0.0
-1057492321374091038-2501151731,ICE 713,Köln Hbf,Mainz Hbf,2025-01-15 17:31:00,2,17,139,2025-01-15 17:00:00,2025-01-15 17:00:00,3.37,95.0,1.03,fog,0.0,0.0
-1057492321374091038-2501151731,ICE 713,Köln Hbf,Frankfurt(Main)Hbf,2025-01-15 17:31:00,2,17,129,2025-01-15 17:00:00,2025-01-15 17:00:00,3.37,95.0,1.03,fog,0.0,0.0
-1057492321374091038-2501151731,ICE 713,Wiesbaden Hbf,Mainz Hbf,2025-01-15 18:46:00,2,18,139,2025-01-15 18:00:00,2025-01-15 18:00:00,4.02,92.0,0.89,broken clouds,0.0,0.0
-1057492321374091038-2501151731,ICE 713,Wiesbaden Hbf,Frankfurt(Main)Hbf,2025-01-15 18:46:00,2,18,129,2025-01-15 18:00:00,2025-01-15 18:00:00,4.02,92.0,0.89,broken clouds,0.0,0.0
-1057492321374091038-2501151731,ICE 713,Mainz Hbf,Frankfurt(Main)Hbf,2025-01-15 18:57:00,2,18,129,2025-01-15 18:00:00,2025-01-15 18:00:00,4.11,92.0,2.57,overcast clouds,0.0,0.0
-1057492321374091038-2501161731,ICE 713,Köln Hbf,Wiesbaden Hbf,2025-01-16 17:31:00,3,17,3,2025-01-16 17:00:00,2025-01-16 17:00:00,3.33,89.0,2.57,overcast clouds,0.0,0.0
-1057492321374091038-2501161731,ICE 713,Köln Hbf,Mainz Hbf,2025-01-16 17:31:00,3,17,3,2025-01-16 17:00:00,2025-01-16 17:00:00,3.33,89.0,2.57,overcast clouds,0.0,0.0
-1057492321374091038-2501161731,ICE 713,Köln Hbf,Frankfurt(Main)Hbf,2025-01-16 17:31:00,3,17,1,2025-01-16 17:00:00,2025-01-16 17:00:00,3.33,89.0,2.57,overcast clouds,0.0,0.0
-1057492321374091038-2501161731,ICE 713,Wiesbaden Hbf,Mainz Hbf,2025-01-16 18:46:00,3,18,3,2025-01-16 18:00:00,2025-01-16 18:00:00,3.11,84.0,0.0,clear sky,0.0,0.0
-1057492321374091038-2501161731,ICE 713,Wiesbaden Hbf,Frankfurt(Main)Hbf,2025-01-16 18:46:00,3,18,1,2025-01-16 18:00:00,2025-01-16 18:00:00,3.11,84.0,0.0,clear sky,0.0,0.0
-1057492321374091038-2501161731,ICE 713,Mainz Hbf,Frankfurt(Main)Hbf,2025-01-16 18:57:00,3,18,1,2025-01-16 18:00:00,2025-01-16 18:00:00,3.26,85.0,4.63,clear sky,0.0,0.0
-1057492321374091038-2501171731,ICE 713,Köln Hbf,Wiesbaden Hbf,2025-01-17 17:31:00,4,17,8,2025-01-17 17:00:00,2025-01-17 17:00:00,1.71,88.0,2.06,broken clouds,0.0,0.0
-1057492321374091038-2501171731,ICE 713,Köln Hbf,Mainz Hbf,2025-01-17 17:31:00,4,17,13,2025-01-17 17:00:00,2025-01-17 17:00:00,1.71,88.0,2.06,broken clouds,0.0,0.0
-1057492321374091038-2501171731,ICE 713,Köln Hbf,Frankfurt(Main)Hbf,2025-01-17 17:31:00,4,17,4,2025-01-17 17:00:00,2025-01-17 17:00:00,1.71,88.0,2.06,broken clouds,0.0,0.0
-1057492321374091038-2501171731,ICE 713,Wiesbaden Hbf,Mainz Hbf,2025-01-17 18:46:00,4,18,13,2025-01-17 18:00:00,2025-01-17 18:00:00,0.9,94.0,1.79,clear sky,0.0,0.0
-1057492321374091038-2501171731,ICE 713,Wiesbaden Hbf,Frankfurt(Main)Hbf,2025-01-17 18:46:00,4,18,4,2025-01-17 18:00:00,2025-01-17 18:00:00,0.9,94.0,1.79,clear sky,0.0,0.0
-1057492321374091038-2501171731,ICE 713,Mainz Hbf,Frankfurt(Main)Hbf,2025-01-17 18:57:00,4,18,4,2025-01-17 18:00:00,2025-01-17 18:00:00,1.14,93.0,3.09,overcast clouds,0.0,0.0
-1057492321374091038-2501191731,ICE 713,Köln Hbf,Wiesbaden Hbf,2025-01-19 17:31:00,6,17,4,2025-01-19 17:00:00,2025-01-19 17:00:00,-0.65,90.0,2.57,mist,0.0,0.0
-1057492321374091038-2501191731,ICE 713,Köln Hbf,Mainz Hbf,2025-01-19 17:31:00,6,17,3,2025-01-19 17:00:00,2025-01-19 17:00:00,-0.65,90.0,2.57,mist,0.0,0.0
-1057492321374091038-2501191731,ICE 713,Köln Hbf,Frankfurt(Main)Hbf,2025-01-19 17:31:00,6,17,0,2025-01-19 17:00:00,2025-01-19 17:00:00,-0.65,90.0,2.57,mist,0.0,0.0
-1057492321374091038-2501191731,ICE 713,Wiesbaden Hbf,Mainz Hbf,2025-01-19 18:46:00,6,18,3,2025-01-19 18:00:00,2025-01-19 18:00:00,1.56,88.0,0.89,clear sky,0.0,0.0
-1057492321374091038-2501191731,ICE 713,Wiesbaden Hbf,Frankfurt(Main)Hbf,2025-01-19 18:46:00,6,18,0,2025-01-19 18:00:00,2025-01-19 18:00:00,1.56,88.0,0.89,clear sky,0.0,0.0
-1057492321374091038-2501191731,ICE 713,Mainz Hbf,Frankfurt(Main)Hbf,2025-01-19 18:57:00,6,18,0,2025-01-19 18:00:00,2025-01-19 18:00:00,1.03,88.0,2.06,clear sky,0.0,0.0
-1057492321374091038-2501201731,ICE 713,Köln Hbf,Wiesbaden Hbf,2025-01-20 17:31:00,0,17,5,2025-01-20 17:00:00,2025-01-20 17:00:00,0.36,88.0,2.06,overcast clouds,0.0,0.0
-1057492321374091038-2501201731,ICE 713,Köln Hbf,Mainz Hbf,2025-01-20 17:31:00,0,17,8,2025-01-20 17:00:00,2025-01-20 17:00:00,0.36,88.0,2.06,overcast clouds,0.0,0.0
-1057492321374091038-2501201731,ICE 713,Köln Hbf,Frankfurt(Main)Hbf,2025-01-20 17:31:00,0,17,7,2025-01-20 17:00:00,2025-01-20 17:00:00,0.36,88.0,2.06,overcast clouds,0.0,0.0
-1057492321374091038-2501201731,ICE 713,Wiesbaden Hbf,Mainz Hbf,2025-01-20 18:46:00,0,18,8,2025-01-20 18:00:00,2025-01-20 18:00:00,-0.5,92.0,1.54,overcast clouds,0.0,0.0
-1057492321374091038-2501201731,ICE 713,Wiesbaden Hbf,Frankfurt(Main)Hbf,2025-01-20 18:46:00,0,18,7,2025-01-20 18:00:00,2025-01-20 18:00:00,-0.5,92.0,1.54,overcast clouds,0.0,0.0
-1057492321374091038-2501201731,ICE 713,Mainz Hbf,Frankfurt(Main)Hbf,2025-01-20 18:57:00,0,18,7,2025-01-20 18:00:00,2025-01-20 18:00:00,-0.4,92.0,1.54,overcast clouds,0.0,0.0
-1057492321374091038-2501211731,ICE 713,Köln Hbf,Wiesbaden Hbf,2025-01-21 17:31:00,1,17,23,2025-01-21 17:00:00,2025-01-21 17:00:00,4.24,76.0,1.54,clear sky,0.0,0.0
-1057492321374091038-2501211731,ICE 713,Köln Hbf,Mainz Hbf,2025-01-21 17:31:00,1,17,26,2025-01-21 17:00:00,2025-01-21 17:00:00,4.24,76.0,1.54,clear sky,0.0,0.0
-1057492321374091038-2501211731,ICE 713,Köln Hbf,Frankfurt(Main)Hbf,2025-01-21 17:31:00,1,17,22,2025-01-21 17:00:00,2025-01-21 17:00:00,4.24,76.0,1.54,clear sky,0.0,0.0
-1057492321374091038-2501211731,ICE 713,Wiesbaden Hbf,Mainz Hbf,2025-01-21 18:46:00,1,18,26,2025-01-21 18:00:00,2025-01-21 18:00:00,-1.09,92.0,0.0,mist,0.0,0.0
-1057492321374091038-2501211731,ICE 713,Wiesbaden Hbf,Frankfurt(Main)Hbf,2025-01-21 18:46:00,1,18,22,2025-01-21 18:00:00,2025-01-21 18:00:00,-1.09,92.0,0.0,mist,0.0,0.0
-1057492321374091038-2501211731,ICE 713,Mainz Hbf,Frankfurt(Main)Hbf,2025-01-21 18:57:00,1,18,22,2025-01-21 18:00:00,2025-01-21 18:00:00,-0.85,92.0,1.03,mist,0.0,0.0
-1057492321374091038-2501221731,ICE 713,Köln Hbf,Wiesbaden Hbf,2025-01-22 17:31:00,2,17,3,2025-01-22 17:00:00,2025-01-22 17:00:00,3.7,87.0,4.63,clear sky,0.0,0.0
-1057492321374091038-2501221731,ICE 713,Köln Hbf,Mainz Hbf,2025-01-22 17:31:00,2,17,2,2025-01-22 17:00:00,2025-01-22 17:00:00,3.7,87.0,4.63,clear sky,0.0,0.0
-1057492321374091038-2501221731,ICE 713,Köln Hbf,Frankfurt(Main)Hbf,2025-01-22 17:31:00,2,17,8,2025-01-22 17:00:00,2025-01-22 17:00:00,3.7,87.0,4.63,clear sky,0.0,0.0
-1057492321374091038-2501221731,ICE 713,Wiesbaden Hbf,Mainz Hbf,2025-01-22 18:46:00,2,18,2,2025-01-22 18:00:00,2025-01-22 18:00:00,0.33,92.0,2.06,overcast clouds,0.0,0.0
-1057492321374091038-2501221731,ICE 713,Wiesbaden Hbf,Frankfurt(Main)Hbf,2025-01-22 18:46:00,2,18,8,2025-01-22 18:00:00,2025-01-22 18:00:00,0.33,92.0,2.06,overcast clouds,0.0,0.0
-1057492321374091038-2501221731,ICE 713,Mainz Hbf,Frankfurt(Main)Hbf,2025-01-22 18:57:00,2,18,8,2025-01-22 18:00:00,2025-01-22 18:00:00,0.57,91.0,2.06,overcast clouds,0.0,0.0
-1057492321374091038-2501231731,ICE 713,Köln Hbf,Wiesbaden Hbf,2025-01-23 17:31:00,3,17,3,2025-01-23 17:00:00,2025-01-23 17:00:00,5.47,75.0,4.63,light rain,0.12,0.0
-1057492321374091038-2501231731,ICE 713,Köln Hbf,Mainz Hbf,2025-01-23 17:31:00,3,17,8,2025-01-23 17:00:00,2025-01-23 17:00:00,5.47,75.0,4.63,light rain,0.12,0.0
-1057492321374091038-2501231731,ICE 713,Köln Hbf,Frankfurt(Main)Hbf,2025-01-23 17:31:00,3,17,14,2025-01-23 17:00:00,2025-01-23 17:00:00,5.47,75.0,4.63,light rain,0.12,0.0
-1057492321374091038-2501231731,ICE 713,Wiesbaden Hbf,Mainz Hbf,2025-01-23 18:46:00,3,18,8,2025-01-23 18:00:00,2025-01-23 18:00:00,4.67,84.0,2.57,overcast clouds,0.0,0.0
-1057492321374091038-2501231731,ICE 713,Wiesbaden Hbf,Frankfurt(Main)Hbf,2025-01-23 18:46:00,3,18,14,2025-01-23 18:00:00,2025-01-23 18:00:00,4.67,84.0,2.57,overcast clouds,0.0,0.0
-1057492321374091038-2501231731,ICE 713,Mainz Hbf,Frankfurt(Main)Hbf,2025-01-23 18:57:00,3,18,14,2025-01-23 18:00:00,2025-01-23 18:00:00,4.9,82.0,3.6,overcast clouds,0.0,0.0
-1057492321374091038-2501241731,ICE 713,Köln Hbf,Wiesbaden Hbf,2025-01-24 17:31:00,4,17,15,2025-01-24 17:00:00,2025-01-24 17:00:00,9.4,84.0,6.69,light rain,0.18,0.0
-1057492321374091038-2501241731,ICE 713,Köln Hbf,Mainz Hbf,2025-01-24 17:31:00,4,17,14,2025-01-24 17:00:00,2025-01-24 17:00:00,9.4,84.0,6.69,light rain,0.18,0.0
-1057492321374091038-2501241731,ICE 713,Köln Hbf,Frankfurt(Main)Hbf,2025-01-24 17:31:00,4,17,2,2025-01-24 17:00:00,2025-01-24 17:00:00,9.4,84.0,6.69,light rain,0.18,0.0
-1057492321374091038-2501241731,ICE 713,Wiesbaden Hbf,Mainz Hbf,2025-01-24 18:46:00,4,18,14,2025-01-24 18:00:00,2025-01-24 18:00:00,8.44,82.0,2.24,light rain,0.32,0.0
-1057492321374091038-2501241731,ICE 713,Wiesbaden Hbf,Frankfurt(Main)Hbf,2025-01-24 18:46:00,4,18,2,2025-01-24 18:00:00,2025-01-24 18:00:00,8.44,82.0,2.24,light rain,0.32,0.0
-1057492321374091038-2501241731,ICE 713,Mainz Hbf,Frankfurt(Main)Hbf,2025-01-24 18:57:00,4,18,2,2025-01-24 18:00:00,2025-01-24 18:00:00,9.16,78.0,4.63,light rain,0.24,0.0
-1057492321374091038-2501261731,ICE 713,Köln Hbf,Wiesbaden Hbf,2025-01-26 17:31:00,6,17,2,2025-01-26 17:00:00,2025-01-26 17:00:00,4.98,83.0,6.17,broken clouds,0.0,0.0
-1057492321374091038-2501261731,ICE 713,Köln Hbf,Mainz Hbf,2025-01-26 17:31:00,6,17,5,2025-01-26 17:00:00,2025-01-26 17:00:00,4.98,83.0,6.17,broken clouds,0.0,0.0
-1057492321374091038-2501261731,ICE 713,Köln Hbf,Frankfurt(Main)Hbf,2025-01-26 17:31:00,6,17,2,2025-01-26 17:00:00,2025-01-26 17:00:00,4.98,83.0,6.17,broken clouds,0.0,0.0
-1057492321374091038-2501261731,ICE 713,Wiesbaden Hbf,Mainz Hbf,2025-01-26 18:46:00,6,18,5,2025-01-26 18:00:00,2025-01-26 18:00:00,3.94,87.0,1.79,scattered clouds,0.0,0.0
-1057492321374091038-2501261731,ICE 713,Wiesbaden Hbf,Frankfurt(Main)Hbf,2025-01-26 18:46:00,6,18,2,2025-01-26 18:00:00,2025-01-26 18:00:00,3.94,87.0,1.79,scattered clouds,0.0,0.0
-1057492321374091038-2501261731,ICE 713,Mainz Hbf,Frankfurt(Main)Hbf,2025-01-26 18:57:00,6,18,2,2025-01-26 18:00:00,2025-01-26 18:00:00,4.14,86.0,1.79,scattered clouds,0.0,0.0
-1057492321374091038-2501271731,ICE 713,Köln Hbf,Wiesbaden Hbf,2025-01-27 17:31:00,0,17,1,2025-01-27 17:00:00,2025-01-27 17:00:00,10.6,69.0,5.14,clear sky,0.0,0.0
-1057492321374091038-2501271731,ICE 713,Köln Hbf,Mainz Hbf,2025-01-27 17:31:00,0,17,3,2025-01-27 17:00:00,2025-01-27 17:00:00,10.6,69.0,5.14,clear sky,0.0,0.0
-1057492321374091038-2501271731,ICE 713,Köln Hbf,Frankfurt(Main)Hbf,2025-01-27 17:31:00,0,17,1,2025-01-27 17:00:00,2025-01-27 17:00:00,10.6,69.0,5.14,clear sky,0.0,0.0
-1057492321374091038-2501271731,ICE 713,Wiesbaden Hbf,Mainz Hbf,2025-01-27 18:46:00,0,18,3,2025-01-27 18:00:00,2025-01-27 18:00:00,10.39,82.0,9.77,moderate rain,2.68,0.0
-1057492321374091038-2501271731,ICE 713,Wiesbaden Hbf,Frankfurt(Main)Hbf,2025-01-27 18:46:00,0,18,1,2025-01-27 18:00:00,2025-01-27 18:00:00,10.39,82.0,9.77,moderate rain,2.68,0.0
-1057492321374091038-2501271731,ICE 713,Mainz Hbf,Frankfurt(Main)Hbf,2025-01-27 18:57:00,0,18,1,2025-01-27 18:00:00,2025-01-27 18:00:00,10.58,82.0,9.77,light rain,0.8,0.0
-1057492321374091038-2501281731,ICE 713,Köln Hbf,Wiesbaden Hbf,2025-01-28 17:31:00,1,17,1,2025-01-28 17:00:00,2025-01-28 17:00:00,9.13,75.0,6.69,overcast clouds,0.0,0.0
-1057492321374091038-2501281731,ICE 713,Köln Hbf,Mainz Hbf,2025-01-28 17:31:00,1,17,2,2025-01-28 17:00:00,2025-01-28 17:00:00,9.13,75.0,6.69,overcast clouds,0.0,0.0
-1057492321374091038-2501281731,ICE 713,Köln Hbf,Frankfurt(Main)Hbf,2025-01-28 17:31:00,1,17,2,2025-01-28 17:00:00,2025-01-28 17:00:00,9.13,75.0,6.69,overcast clouds,0.0,0.0
-1057492321374091038-2501281731,ICE 713,Wiesbaden Hbf,Mainz Hbf,2025-01-28 18:46:00,1,18,2,2025-01-28 18:00:00,2025-01-28 18:00:00,8.72,77.0,2.68,light rain,0.44,0.0
-1057492321374091038-2501281731,ICE 713,Wiesbaden Hbf,Frankfurt(Main)Hbf,2025-01-28 18:46:00,1,18,2,2025-01-28 18:00:00,2025-01-28 18:00:00,8.72,77.0,2.68,light rain,0.44,0.0
-1057492321374091038-2501281731,ICE 713,Mainz Hbf,Frankfurt(Main)Hbf,2025-01-28 18:57:00,1,18,2,2025-01-28 18:00:00,2025-01-28 18:00:00,8.94,76.0,3.09,light rain,0.12,0.0
-1057492321374091038-2501291731,ICE 713,Köln Hbf,Wiesbaden Hbf,2025-01-29 17:31:00,2,17,7,2025-01-29 17:00:00,2025-01-29 17:00:00,8.69,72.0,3.6,few clouds,0.0,0.0
-1057492321374091038-2501291731,ICE 713,Köln Hbf,Mainz Hbf,2025-01-29 17:31:00,2,17,9,2025-01-29 17:00:00,2025-01-29 17:00:00,8.69,72.0,3.6,few clouds,0.0,0.0
-1057492321374091038-2501291731,ICE 713,Köln Hbf,Frankfurt(Main)Hbf,2025-01-29 17:31:00,2,17,0,2025-01-29 17:00:00,2025-01-29 17:00:00,8.69,72.0,3.6,few clouds,0.0,0.0
-1057492321374091038-2501291731,ICE 713,Wiesbaden Hbf,Mainz Hbf,2025-01-29 18:46:00,2,18,9,2025-01-29 18:00:00,2025-01-29 18:00:00,7.68,83.0,2.68,broken clouds,0.0,0.0
-1057492321374091038-2501291731,ICE 713,Wiesbaden Hbf,Frankfurt(Main)Hbf,2025-01-29 18:46:00,2,18,0,2025-01-29 18:00:00,2025-01-29 18:00:00,7.68,83.0,2.68,broken clouds,0.0,0.0
-1057492321374091038-2501291731,ICE 713,Mainz Hbf,Frankfurt(Main)Hbf,2025-01-29 18:57:00,2,18,0,2025-01-29 18:00:00,2025-01-29 18:00:00,7.87,82.0,2.68,broken clouds,0.0,0.0
-1057492321374091038-2501301731,ICE 713,Köln Hbf,Wiesbaden Hbf,2025-01-30 17:31:00,3,17,5,2025-01-30 17:00:00,2025-01-30 17:00:00,5.54,90.0,4.12,light rain,0.69,0.0
-1057492321374091038-2501301731,ICE 713,Köln Hbf,Mainz Hbf,2025-01-30 17:31:00,3,17,5,2025-01-30 17:00:00,2025-01-30 17:00:00,5.54,90.0,4.12,light rain,0.69,0.0
-1057492321374091038-2501301731,ICE 713,Köln Hbf,Frankfurt(Main)Hbf,2025-01-30 17:31:00,3,17,1,2025-01-30 17:00:00,2025-01-30 17:00:00,5.54,90.0,4.12,light rain,0.69,0.0
-1057492321374091038-2501301731,ICE 713,Wiesbaden Hbf,Mainz Hbf,2025-01-30 18:46:00,3,18,5,2025-01-30 18:00:00,2025-01-30 18:00:00,8.46,89.0,2.24,broken clouds,0.0,0.0
-1057492321374091038-2501301731,ICE 713,Wiesbaden Hbf,Frankfurt(Main)Hbf,2025-01-30 18:46:00,3,18,1,2025-01-30 18:00:00,2025-01-30 18:00:00,8.46,89.0,2.24,broken clouds,0.0,0.0
-1057492321374091038-2501301731,ICE 713,Mainz Hbf,Frankfurt(Main)Hbf,2025-01-30 18:57:00,3,18,1,2025-01-30 18:00:00,2025-01-30 18:00:00,8.74,90.0,2.57,broken clouds,0.0,0.0
-1057492321374091038-2501311731,ICE 713,Köln Hbf,Wiesbaden Hbf,2025-01-31 17:31:00,4,17,4,2025-01-31 17:00:00,2025-01-31 17:00:00,6.44,76.0,2.06,few clouds,0.0,0.0
-1057492321374091038-2501311731,ICE 713,Köln Hbf,Mainz Hbf,2025-01-31 17:31:00,4,17,3,2025-01-31 17:00:00,2025-01-31 17:00:00,6.44,76.0,2.06,few clouds,0.0,0.0
-1057492321374091038-2501311731,ICE 713,Köln Hbf,Frankfurt(Main)Hbf,2025-01-31 17:31:00,4,17,3,2025-01-31 17:00:00,2025-01-31 17:00:00,6.44,76.0,2.06,few clouds,0.0,0.0
-1057492321374091038-2501311731,ICE 713,Wiesbaden Hbf,Mainz Hbf,2025-01-31 18:46:00,4,18,3,2025-01-31 18:00:00,2025-01-31 18:00:00,4.97,70.0,1.34,few clouds,0.0,0.0
-1057492321374091038-2501311731,ICE 713,Wiesbaden Hbf,Frankfurt(Main)Hbf,2025-01-31 18:46:00,4,18,3,2025-01-31 18:00:00,2025-01-31 18:00:00,4.97,70.0,1.34,few clouds,0.0,0.0
-1057492321374091038-2501311731,ICE 713,Mainz Hbf,Frankfurt(Main)Hbf,2025-01-31 18:57:00,4,18,3,2025-01-31 18:00:00,2025-01-31 18:00:00,5.14,68.0,1.54,few clouds,0.0,0.0
-1057492321374091038-2502021731,ICE 713,Köln Hbf,Wiesbaden Hbf,2025-02-02 17:31:00,6,17,3,2025-02-02 17:00:00,2025-02-02 17:00:00,4.99,71.0,3.6,clear sky,0.0,0.0
-1057492321374091038-2502021731,ICE 713,Köln Hbf,Mainz Hbf,2025-02-02 17:31:00,6,17,3,2025-02-02 17:00:00,2025-02-02 17:00:00,4.99,71.0,3.6,clear sky,0.0,0.0
-1057492321374091038-2502021731,ICE 713,Köln Hbf,Frankfurt(Main)Hbf,2025-02-02 17:31:00,6,17,1,2025-02-02 17:00:00,2025-02-02 17:00:00,4.99,71.0,3.6,clear sky,0.0,0.0
-1057492321374091038-2502021731,ICE 713,Wiesbaden Hbf,Mainz Hbf,2025-02-02 18:46:00,6,18,3,2025-02-02 18:00:00,2025-02-02 18:00:00,3.06,72.0,2.06,clear sky,0.0,0.0
-1057492321374091038-2502021731,ICE 713,Wiesbaden Hbf,Frankfurt(Main)Hbf,2025-02-02 18:46:00,6,18,1,2025-02-02 18:00:00,2025-02-02 18:00:00,3.06,72.0,2.06,clear sky,0.0,0.0
-1057492321374091038-2502021731,ICE 713,Mainz Hbf,Frankfurt(Main)Hbf,2025-02-02 18:57:00,6,18,1,2025-02-02 18:00:00,2025-02-02 18:00:00,2.69,76.0,2.06,clear sky,0.0,0.0
-1057492321374091038-2502031731,ICE 713,Köln Hbf,Wiesbaden Hbf,2025-02-03 17:31:00,0,17,0,2025-02-03 17:00:00,2025-02-03 17:00:00,5.38,74.0,1.54,clear sky,0.0,0.0
-1057492321374091038-2502031731,ICE 713,Köln Hbf,Mainz Hbf,2025-02-03 17:31:00,0,17,0,2025-02-03 17:00:00,2025-02-03 17:00:00,5.38,74.0,1.54,clear sky,0.0,0.0
-1057492321374091038-2502031731,ICE 713,Köln Hbf,Frankfurt(Main)Hbf,2025-02-03 17:31:00,0,17,0,2025-02-03 17:00:00,2025-02-03 17:00:00,5.38,74.0,1.54,clear sky,0.0,0.0
-1057492321374091038-2502031731,ICE 713,Wiesbaden Hbf,Mainz Hbf,2025-02-03 18:46:00,0,18,0,2025-02-03 18:00:00,2025-02-03 18:00:00,-0.22,93.0,0.43,broken clouds,0.0,0.0
-1057492321374091038-2502031731,ICE 713,Wiesbaden Hbf,Frankfurt(Main)Hbf,2025-02-03 18:46:00,0,18,0,2025-02-03 18:00:00,2025-02-03 18:00:00,-0.22,93.0,0.43,broken clouds,0.0,0.0
-1057492321374091038-2502031731,ICE 713,Mainz Hbf,Frankfurt(Main)Hbf,2025-02-03 18:57:00,0,18,0,2025-02-03 18:00:00,2025-02-03 18:00:00,0.1,91.0,2.06,overcast clouds,0.0,0.0
-1057492321374091038-2502041731,ICE 713,Köln Hbf,Wiesbaden Hbf,2025-02-04 17:31:00,1,17,3,2025-02-04 17:00:00,2025-02-04 17:00:00,2.44,70.0,0.89,few clouds,0.0,0.0
-1057492321374091038-2502041731,ICE 713,Köln Hbf,Mainz Hbf,2025-02-04 17:31:00,1,17,7,2025-02-04 17:00:00,2025-02-04 17:00:00,2.44,70.0,0.89,few clouds,0.0,0.0
-1057492321374091038-2502041731,ICE 713,Köln Hbf,Frankfurt(Main)Hbf,2025-02-04 17:31:00,1,17,0,2025-02-04 17:00:00,2025-02-04 17:00:00,2.44,70.0,0.89,few clouds,0.0,0.0
-1057492321374091038-2502041731,ICE 713,Wiesbaden Hbf,Mainz Hbf,2025-02-04 18:46:00,1,18,7,2025-02-04 18:00:00,2025-02-04 18:00:00,-0.25,89.0,2.06,overcast clouds,0.0,0.0
-1057492321374091038-2502041731,ICE 713,Wiesbaden Hbf,Frankfurt(Main)Hbf,2025-02-04 18:46:00,1,18,0,2025-02-04 18:00:00,2025-02-04 18:00:00,-0.25,89.0,2.06,overcast clouds,0.0,0.0
-1057492321374091038-2502041731,ICE 713,Mainz Hbf,Frankfurt(Main)Hbf,2025-02-04 18:57:00,1,18,0,2025-02-04 18:00:00,2025-02-04 18:00:00,-0.02,88.0,2.06,overcast clouds,0.0,0.0
-1057492321374091038-2502051731,ICE 713,Köln Hbf,Wiesbaden Hbf,2025-02-05 17:31:00,2,17,0,2025-02-05 17:00:00,2025-02-05 17:00:00,4.52,92.0,1.03,mist,0.0,0.0
-1057492321374091038-2502051731,ICE 713,Köln Hbf,Mainz Hbf,2025-02-05 17:31:00,2,17,2,2025-02-05 17:00:00,2025-02-05 17:00:00,4.52,92.0,1.03,mist,0.0,0.0
-1057492321374091038-2502051731,ICE 713,Köln Hbf,Frankfurt(Main)Hbf,2025-02-05 17:31:00,2,17,2,2025-02-05 17:00:00,2025-02-05 17:00:00,4.52,92.0,1.03,mist,0.0,0.0
-1057492321374091038-2502051731,ICE 713,Wiesbaden Hbf,Mainz Hbf,2025-02-05 18:46:00,2,18,2,2025-02-05 18:00:00,2025-02-05 18:00:00,2.02,89.0,1.54,mist,0.0,0.0
-1057492321374091038-2502051731,ICE 713,Wiesbaden Hbf,Frankfurt(Main)Hbf,2025-02-05 18:46:00,2,18,2,2025-02-05 18:00:00,2025-02-05 18:00:00,2.02,89.0,1.54,mist,0.0,0.0
-1057492321374091038-2502051731,ICE 713,Mainz Hbf,Frankfurt(Main)Hbf,2025-02-05 18:57:00,2,18,2,2025-02-05 18:00:00,2025-02-05 18:00:00,2.18,90.0,1.54,mist,0.0,0.0
-1057492321374091038-2502061731,ICE 713,Köln Hbf,Wiesbaden Hbf,2025-02-06 17:31:00,3,17,8,2025-02-06 17:00:00,2025-02-06 17:00:00,5.71,84.0,2.57,broken clouds,0.0,0.0
-1057492321374091038-2502061731,ICE 713,Köln Hbf,Mainz Hbf,2025-02-06 17:31:00,3,17,10,2025-02-06 17:00:00,2025-02-06 17:00:00,5.71,84.0,2.57,broken clouds,0.0,0.0
-1057492321374091038-2502061731,ICE 713,Köln Hbf,Frankfurt(Main)Hbf,2025-02-06 17:31:00,3,17,3,2025-02-06 17:00:00,2025-02-06 17:00:00,5.71,84.0,2.57,broken clouds,0.0,0.0
-1057492321374091038-2502061731,ICE 713,Wiesbaden Hbf,Mainz Hbf,2025-02-06 18:46:00,3,18,10,2025-02-06 18:00:00,2025-02-06 18:00:00,4.3,79.0,5.14,overcast clouds,0.0,0.0
-1057492321374091038-2502061731,ICE 713,Wiesbaden Hbf,Frankfurt(Main)Hbf,2025-02-06 18:46:00,3,18,3,2025-02-06 18:00:00,2025-02-06 18:00:00,4.3,79.0,5.14,overcast clouds,0.0,0.0
-1057492321374091038-2502061731,ICE 713,Mainz Hbf,Frankfurt(Main)Hbf,2025-02-06 18:57:00,3,18,3,2025-02-06 18:00:00,2025-02-06 18:00:00,4.43,78.0,5.66,overcast clouds,0.0,0.0
-1057492321374091038-2502071731,ICE 713,Köln Hbf,Wiesbaden Hbf,2025-02-07 17:31:00,4,17,10,2025-02-07 17:00:00,2025-02-07 17:00:00,4.89,68.0,4.63,overcast clouds,0.0,0.0
-1057492321374091038-2502071731,ICE 713,Köln Hbf,Mainz Hbf,2025-02-07 17:31:00,4,17,14,2025-02-07 17:00:00,2025-02-07 17:00:00,4.89,68.0,4.63,overcast clouds,0.0,0.0
-1057492321374091038-2502071731,ICE 713,Köln Hbf,Frankfurt(Main)Hbf,2025-02-07 17:31:00,4,17,7,2025-02-07 17:00:00,2025-02-07 17:00:00,4.89,68.0,4.63,overcast clouds,0.0,0.0
-1057492321374091038-2502071731,ICE 713,Wiesbaden Hbf,Mainz Hbf,2025-02-07 18:46:00,4,18,14,2025-02-07 18:00:00,2025-02-07 18:00:00,4.3,70.0,4.12,broken clouds,0.0,0.0
-1057492321374091038-2502071731,ICE 713,Wiesbaden Hbf,Frankfurt(Main)Hbf,2025-02-07 18:46:00,4,18,7,2025-02-07 18:00:00,2025-02-07 18:00:00,4.3,70.0,4.12,broken clouds,0.0,0.0
-1057492321374091038-2502071731,ICE 713,Mainz Hbf,Frankfurt(Main)Hbf,2025-02-07 18:57:00,4,18,7,2025-02-07 18:00:00,2025-02-07 18:00:00,4.5,69.0,4.12,broken clouds,0.0,0.0
-1057492321374091038-2502091731,ICE 713,Köln Hbf,Wiesbaden Hbf,2025-02-09 17:31:00,6,17,1,2025-02-09 17:00:00,2025-02-09 17:00:00,5.62,78.0,1.54,light rain,0.15,0.0
-1057492321374091038-2502091731,ICE 713,Köln Hbf,Mainz Hbf,2025-02-09 17:31:00,6,17,1,2025-02-09 17:00:00,2025-02-09 17:00:00,5.62,78.0,1.54,light rain,0.15,0.0
-1057492321374091038-2502091731,ICE 713,Köln Hbf,Frankfurt(Main)Hbf,2025-02-09 17:31:00,6,17,0,2025-02-09 17:00:00,2025-02-09 17:00:00,5.62,78.0,1.54,light rain,0.15,0.0
-1057492321374091038-2502091731,ICE 713,Wiesbaden Hbf,Mainz Hbf,2025-02-09 18:46:00,6,18,1,2025-02-09 18:00:00,2025-02-09 18:00:00,4.53,78.0,2.06,light rain,0.12,0.0
-1057492321374091038-2502091731,ICE 713,Wiesbaden Hbf,Frankfurt(Main)Hbf,2025-02-09 18:46:00,6,18,0,2025-02-09 18:00:00,2025-02-09 18:00:00,4.53,78.0,2.06,light rain,0.12,0.0
-1057492321374091038-2502091731,ICE 713,Mainz Hbf,Frankfurt(Main)Hbf,2025-02-09 18:57:00,6,18,0,2025-02-09 18:00:00,2025-02-09 18:00:00,4.76,78.0,3.09,light rain,0.27,0.0
-1057492321374091038-2502101731,ICE 713,Köln Hbf,Wiesbaden Hbf,2025-02-10 17:31:00,0,17,5,2025-02-10 17:00:00,2025-02-10 17:00:00,5.17,74.0,3.6,light intensity shower rain,1.89,0.0
-1057492321374091038-2502101731,ICE 713,Köln Hbf,Mainz Hbf,2025-02-10 17:31:00,0,17,10,2025-02-10 17:00:00,2025-02-10 17:00:00,5.17,74.0,3.6,light intensity shower rain,1.89,0.0
-1057492321374091038-2502101731,ICE 713,Köln Hbf,Frankfurt(Main)Hbf,2025-02-10 17:31:00,0,17,2,2025-02-10 17:00:00,2025-02-10 17:00:00,5.17,74.0,3.6,light intensity shower rain,1.89,0.0
-1057492321374091038-2502101731,ICE 713,Wiesbaden Hbf,Mainz Hbf,2025-02-10 18:46:00,0,18,10,2025-02-10 18:00:00,2025-02-10 18:00:00,6.4,74.0,2.68,light rain,0.32,0.0
-1057492321374091038-2502101731,ICE 713,Wiesbaden Hbf,Frankfurt(Main)Hbf,2025-02-10 18:46:00,0,18,2,2025-02-10 18:00:00,2025-02-10 18:00:00,6.4,74.0,2.68,light rain,0.32,0.0
-1057492321374091038-2502101731,ICE 713,Mainz Hbf,Frankfurt(Main)Hbf,2025-02-10 18:57:00,0,18,2,2025-02-10 18:00:00,2025-02-10 18:00:00,6.26,75.0,4.12,light rain,0.49,0.0
-1057492321374091038-2502111731,ICE 713,Köln Hbf,Wiesbaden Hbf,2025-02-11 17:31:00,1,17,5,2025-02-11 17:00:00,2025-02-11 17:00:00,5.32,79.0,2.57,broken clouds,0.0,0.0
-1057492321374091038-2502111731,ICE 713,Köln Hbf,Mainz Hbf,2025-02-11 17:31:00,1,17,10,2025-02-11 17:00:00,2025-02-11 17:00:00,5.32,79.0,2.57,broken clouds,0.0,0.0
-1057492321374091038-2502111731,ICE 713,Köln Hbf,Frankfurt(Main)Hbf,2025-02-11 17:31:00,1,17,11,2025-02-11 17:00:00,2025-02-11 17:00:00,5.32,79.0,2.57,broken clouds,0.0,0.0
-1057492321374091038-2502111731,ICE 713,Wiesbaden Hbf,Mainz Hbf,2025-02-11 18:46:00,1,18,10,2025-02-11 18:00:00,2025-02-11 18:00:00,6.69,87.0,2.06,overcast clouds,0.0,0.0
-1057492321374091038-2502111731,ICE 713,Wiesbaden Hbf,Frankfurt(Main)Hbf,2025-02-11 18:46:00,1,18,11,2025-02-11 18:00:00,2025-02-11 18:00:00,6.69,87.0,2.06,overcast clouds,0.0,0.0
-1057492321374091038-2502111731,ICE 713,Mainz Hbf,Frankfurt(Main)Hbf,2025-02-11 18:57:00,1,18,11,2025-02-11 18:00:00,2025-02-11 18:00:00,6.92,84.0,3.6,overcast clouds,0.0,0.0
-1057492321374091038-2502121731,ICE 713,Köln Hbf,Wiesbaden Hbf,2025-02-12 17:31:00,2,17,3,2025-02-12 17:00:00,2025-02-12 17:00:00,6.5,69.0,2.57,overcast clouds,0.0,0.0
-1057492321374091038-2502121731,ICE 713,Köln Hbf,Mainz Hbf,2025-02-12 17:31:00,2,17,3,2025-02-12 17:00:00,2025-02-12 17:00:00,6.5,69.0,2.57,overcast clouds,0.0,0.0
-1057492321374091038-2502121731,ICE 713,Köln Hbf,Frankfurt(Main)Hbf,2025-02-12 17:31:00,2,17,7,2025-02-12 17:00:00,2025-02-12 17:00:00,6.5,69.0,2.57,overcast clouds,0.0,0.0
-1057492321374091038-2502121731,ICE 713,Wiesbaden Hbf,Mainz Hbf,2025-02-12 18:46:00,2,18,3,2025-02-12 18:00:00,2025-02-12 18:00:00,6.38,83.0,1.79,broken clouds,0.0,0.0
-1057492321374091038-2502121731,ICE 713,Wiesbaden Hbf,Frankfurt(Main)Hbf,2025-02-12 18:46:00,2,18,7,2025-02-12 18:00:00,2025-02-12 18:00:00,6.38,83.0,1.79,broken clouds,0.0,0.0
-1057492321374091038-2502121731,ICE 713,Mainz Hbf,Frankfurt(Main)Hbf,2025-02-12 18:57:00,2,18,7,2025-02-12 18:00:00,2025-02-12 18:00:00,6.53,85.0,2.57,light rain,0.26,0.0
-1057492321374091038-2502131731,ICE 713,Köln Hbf,Wiesbaden Hbf,2025-02-13 17:31:00,3,17,10,2025-02-13 17:00:00,2025-02-13 17:00:00,-0.02,85.0,3.6,mist,0.0,0.0
-1057492321374091038-2502131731,ICE 713,Köln Hbf,Mainz Hbf,2025-02-13 17:31:00,3,17,10,2025-02-13 17:00:00,2025-02-13 17:00:00,-0.02,85.0,3.6,mist,0.0,0.0
-1057492321374091038-2502131731,ICE 713,Köln Hbf,Frankfurt(Main)Hbf,2025-02-13 17:31:00,3,17,1,2025-02-13 17:00:00,2025-02-13 17:00:00,-0.02,85.0,3.6,mist,0.0,0.0
-1057492321374091038-2502131731,ICE 713,Wiesbaden Hbf,Mainz Hbf,2025-02-13 18:46:00,3,18,10,2025-02-13 18:00:00,2025-02-13 18:00:00,2.76,86.0,3.6,light rain,0.1,0.0
-1057492321374091038-2502131731,ICE 713,Wiesbaden Hbf,Frankfurt(Main)Hbf,2025-02-13 18:46:00,3,18,1,2025-02-13 18:00:00,2025-02-13 18:00:00,2.76,86.0,3.6,light rain,0.1,0.0
-1057492321374091038-2502131731,ICE 713,Mainz Hbf,Frankfurt(Main)Hbf,2025-02-13 18:57:00,3,18,1,2025-02-13 18:00:00,2025-02-13 18:00:00,3.01,86.0,4.63,overcast clouds,0.0,0.0
-1057492321374091038-2502141731,ICE 713,Köln Hbf,Wiesbaden Hbf,2025-02-14 17:31:00,4,17,7,2025-02-14 17:00:00,2025-02-14 17:00:00,2.44,84.0,1.54,overcast clouds,0.0,0.0
-1057492321374091038-2502141731,ICE 713,Köln Hbf,Mainz Hbf,2025-02-14 17:31:00,4,17,14,2025-02-14 17:00:00,2025-02-14 17:00:00,2.44,84.0,1.54,overcast clouds,0.0,0.0
-1057492321374091038-2502141731,ICE 713,Köln Hbf,Frankfurt(Main)Hbf,2025-02-14 17:31:00,4,17,17,2025-02-14 17:00:00,2025-02-14 17:00:00,2.44,84.0,1.54,overcast clouds,0.0,0.0
-1057492321374091038-2502141731,ICE 713,Wiesbaden Hbf,Mainz Hbf,2025-02-14 18:46:00,4,18,14,2025-02-14 18:00:00,2025-02-14 18:00:00,2.21,75.0,2.24,broken clouds,0.0,0.0
-1057492321374091038-2502141731,ICE 713,Wiesbaden Hbf,Frankfurt(Main)Hbf,2025-02-14 18:46:00,4,18,17,2025-02-14 18:00:00,2025-02-14 18:00:00,2.21,75.0,2.24,broken clouds,0.0,0.0
-1057492321374091038-2502141731,ICE 713,Mainz Hbf,Frankfurt(Main)Hbf,2025-02-14 18:57:00,4,18,17,2025-02-14 18:00:00,2025-02-14 18:00:00,2.25,74.0,3.09,broken clouds,0.0,0.0
-1057492321374091038-2502161731,ICE 713,Köln Hbf,Wiesbaden Hbf,2025-02-16 17:31:00,6,17,70,2025-02-16 17:00:00,2025-02-16 17:00:00,4.3,52.0,3.09,clear sky,0.0,0.0
-1057492321374091038-2502161731,ICE 713,Köln Hbf,Mainz Hbf,2025-02-16 17:31:00,6,17,70,2025-02-16 17:00:00,2025-02-16 17:00:00,4.3,52.0,3.09,clear sky,0.0,0.0
-1057492321374091038-2502161731,ICE 713,Köln Hbf,Frankfurt(Main)Hbf,2025-02-16 17:31:00,6,17,37,2025-02-16 17:00:00,2025-02-16 17:00:00,4.3,52.0,3.09,clear sky,0.0,0.0
-1057492321374091038-2502161731,ICE 713,Wiesbaden Hbf,Mainz Hbf,2025-02-16 18:46:00,6,18,70,2025-02-16 18:00:00,2025-02-16 18:00:00,1.59,65.0,1.34,broken clouds,0.0,0.0
-1057492321374091038-2502161731,ICE 713,Wiesbaden Hbf,Frankfurt(Main)Hbf,2025-02-16 18:46:00,6,18,37,2025-02-16 18:00:00,2025-02-16 18:00:00,1.59,65.0,1.34,broken clouds,0.0,0.0
-1057492321374091038-2502161731,ICE 713,Mainz Hbf,Frankfurt(Main)Hbf,2025-02-16 18:57:00,6,18,37,2025-02-16 18:00:00,2025-02-16 18:00:00,1.72,69.0,1.54,clear sky,0.0,0.0
-1057492321374091038-2502171731,ICE 713,Köln Hbf,Wiesbaden Hbf,2025-02-17 17:31:00,0,17,1,2025-02-17 17:00:00,2025-02-17 17:00:00,3.24,50.0,2.57,clear sky,0.0,0.0
-1057492321374091038-2502171731,ICE 713,Köln Hbf,Mainz Hbf,2025-02-17 17:31:00,0,17,1,2025-02-17 17:00:00,2025-02-17 17:00:00,3.24,50.0,2.57,clear sky,0.0,0.0
-1057492321374091038-2502171731,ICE 713,Köln Hbf,Frankfurt(Main)Hbf,2025-02-17 17:31:00,0,17,4,2025-02-17 17:00:00,2025-02-17 17:00:00,3.24,50.0,2.57,clear sky,0.0,0.0
-1057492321374091038-2502171731,ICE 713,Wiesbaden Hbf,Mainz Hbf,2025-02-17 18:46:00,0,18,1,2025-02-17 18:00:00,2025-02-17 18:00:00,1.68,58.0,1.79,clear sky,0.0,0.0
-1057492321374091038-2502171731,ICE 713,Wiesbaden Hbf,Frankfurt(Main)Hbf,2025-02-17 18:46:00,0,18,4,2025-02-17 18:00:00,2025-02-17 18:00:00,1.68,58.0,1.79,clear sky,0.0,0.0
-1057492321374091038-2502171731,ICE 713,Mainz Hbf,Frankfurt(Main)Hbf,2025-02-17 18:57:00,0,18,4,2025-02-17 18:00:00,2025-02-17 18:00:00,2.05,57.0,4.12,clear sky,0.0,0.0
-1057492321374091038-2502181731,ICE 713,Köln Hbf,Wiesbaden Hbf,2025-02-18 17:31:00,1,17,2,2025-02-18 17:00:00,2025-02-18 17:00:00,3.73,41.0,3.6,clear sky,0.0,0.0
-1057492321374091038-2502181731,ICE 713,Köln Hbf,Mainz Hbf,2025-02-18 17:31:00,1,17,2,2025-02-18 17:00:00,2025-02-18 17:00:00,3.73,41.0,3.6,clear sky,0.0,0.0
-1057492321374091038-2502181731,ICE 713,Köln Hbf,Frankfurt(Main)Hbf,2025-02-18 17:31:00,1,17,6,2025-02-18 17:00:00,2025-02-18 17:00:00,3.73,41.0,3.6,clear sky,0.0,0.0
-1057492321374091038-2502181731,ICE 713,Wiesbaden Hbf,Mainz Hbf,2025-02-18 18:46:00,1,18,2,2025-02-18 18:00:00,2025-02-18 18:00:00,1.87,56.0,4.02,clear sky,0.0,0.0
-1057492321374091038-2502181731,ICE 713,Wiesbaden Hbf,Frankfurt(Main)Hbf,2025-02-18 18:46:00,1,18,6,2025-02-18 18:00:00,2025-02-18 18:00:00,1.87,56.0,4.02,clear sky,0.0,0.0
-1057492321374091038-2502181731,ICE 713,Mainz Hbf,Frankfurt(Main)Hbf,2025-02-18 18:57:00,1,18,6,2025-02-18 18:00:00,2025-02-18 18:00:00,2.09,54.0,5.14,clear sky,0.0,0.0
-1057492321374091038-2502191731,ICE 713,Köln Hbf,Wiesbaden Hbf,2025-02-19 17:31:00,2,17,8,2025-02-19 17:00:00,2025-02-19 17:00:00,5.01,40.0,5.66,clear sky,0.0,0.0
-1057492321374091038-2502191731,ICE 713,Köln Hbf,Mainz Hbf,2025-02-19 17:31:00,2,17,10,2025-02-19 17:00:00,2025-02-19 17:00:00,5.01,40.0,5.66,clear sky,0.0,0.0
-1057492321374091038-2502191731,ICE 713,Köln Hbf,Frankfurt(Main)Hbf,2025-02-19 17:31:00,2,17,6,2025-02-19 17:00:00,2025-02-19 17:00:00,5.01,40.0,5.66,clear sky,0.0,0.0
-1057492321374091038-2502191731,ICE 713,Wiesbaden Hbf,Mainz Hbf,2025-02-19 18:46:00,2,18,10,2025-02-19 18:00:00,2025-02-19 18:00:00,2.52,53.0,2.24,overcast clouds,0.0,0.0
-1057492321374091038-2502191731,ICE 713,Wiesbaden Hbf,Frankfurt(Main)Hbf,2025-02-19 18:46:00,2,18,6,2025-02-19 18:00:00,2025-02-19 18:00:00,2.52,53.0,2.24,overcast clouds,0.0,0.0
-1057492321374091038-2502191731,ICE 713,Mainz Hbf,Frankfurt(Main)Hbf,2025-02-19 18:57:00,2,18,6,2025-02-19 18:00:00,2025-02-19 18:00:00,2.85,51.0,3.09,clear sky,0.0,0.0
-1057492321374091038-2502201731,ICE 713,Köln Hbf,Wiesbaden Hbf,2025-02-20 17:31:00,3,17,4,2025-02-20 17:00:00,2025-02-20 17:00:00,11.13,62.0,3.6,broken clouds,0.0,0.0
-1057492321374091038-2502201731,ICE 713,Köln Hbf,Mainz Hbf,2025-02-20 17:31:00,3,17,10,2025-02-20 17:00:00,2025-02-20 17:00:00,11.13,62.0,3.6,broken clouds,0.0,0.0
-1057492321374091038-2502201731,ICE 713,Köln Hbf,Frankfurt(Main)Hbf,2025-02-20 17:31:00,3,17,2,2025-02-20 17:00:00,2025-02-20 17:00:00,11.13,62.0,3.6,broken clouds,0.0,0.0
-1057492321374091038-2502201731,ICE 713,Wiesbaden Hbf,Mainz Hbf,2025-02-20 18:46:00,3,18,10,2025-02-20 18:00:00,2025-02-20 18:00:00,5.65,73.0,0.0,overcast clouds,0.0,0.0
-1057492321374091038-2502201731,ICE 713,Wiesbaden Hbf,Frankfurt(Main)Hbf,2025-02-20 18:46:00,3,18,2,2025-02-20 18:00:00,2025-02-20 18:00:00,5.65,73.0,0.0,overcast clouds,0.0,0.0
-1057492321374091038-2502201731,ICE 713,Mainz Hbf,Frankfurt(Main)Hbf,2025-02-20 18:57:00,3,18,2,2025-02-20 18:00:00,2025-02-20 18:00:00,5.88,73.0,0.51,overcast clouds,0.0,0.0
-1057492321374091038-2502211731,ICE 713,Köln Hbf,Wiesbaden Hbf,2025-02-21 17:31:00,4,17,8,2025-02-21 17:00:00,2025-02-21 17:00:00,15.83,67.0,4.12,clear sky,0.0,0.0
-1057492321374091038-2502211731,ICE 713,Köln Hbf,Mainz Hbf,2025-02-21 17:31:00,4,17,12,2025-02-21 17:00:00,2025-02-21 17:00:00,15.83,67.0,4.12,clear sky,0.0,0.0
-1057492321374091038-2502211731,ICE 713,Köln Hbf,Frankfurt(Main)Hbf,2025-02-21 17:31:00,4,17,5,2025-02-21 17:00:00,2025-02-21 17:00:00,15.83,67.0,4.12,clear sky,0.0,0.0
-1057492321374091038-2502211731,ICE 713,Wiesbaden Hbf,Mainz Hbf,2025-02-21 18:46:00,4,18,12,2025-02-21 18:00:00,2025-02-21 18:00:00,11.86,79.0,0.89,clear sky,0.0,0.0
-1057492321374091038-2502211731,ICE 713,Wiesbaden Hbf,Frankfurt(Main)Hbf,2025-02-21 18:46:00,4,18,5,2025-02-21 18:00:00,2025-02-21 18:00:00,11.86,79.0,0.89,clear sky,0.0,0.0
-1057492321374091038-2502211731,ICE 713,Mainz Hbf,Frankfurt(Main)Hbf,2025-02-21 18:57:00,4,18,5,2025-02-21 18:00:00,2025-02-21 18:00:00,12.03,80.0,2.57,clear sky,0.0,0.0
-1057492321374091038-2502231728,ICE 713,Köln Hbf,Wiesbaden Hbf,2025-02-23 17:28:00,6,17,1,2025-02-23 17:00:00,2025-02-23 17:00:00,14.15,57.0,4.12,clear sky,0.0,0.0
-1057492321374091038-2502231728,ICE 713,Köln Hbf,Frankfurt(Main)Hbf,2025-02-23 17:28:00,6,17,-15,2025-02-23 17:00:00,2025-02-23 17:00:00,14.15,57.0,4.12,clear sky,0.0,0.0
-1057492321374091038-2502231728,ICE 713,Wiesbaden Hbf,Frankfurt(Main)Hbf,2025-02-23 19:01:00,6,19,-15,2025-02-23 19:00:00,2025-02-23 19:00:00,10.01,73.0,1.54,clear sky,0.0,0.0
-1057492321374091038-2502241731,ICE 713,Köln Hbf,Wiesbaden Hbf,2025-02-24 17:31:00,0,17,1,2025-02-24 17:00:00,2025-02-24 17:00:00,13.42,63.0,6.17,light rain,0.27,0.0
-1057492321374091038-2502241731,ICE 713,Köln Hbf,Mainz Hbf,2025-02-24 17:31:00,0,17,2,2025-02-24 17:00:00,2025-02-24 17:00:00,13.42,63.0,6.17,light rain,0.27,0.0
-1057492321374091038-2502241731,ICE 713,Köln Hbf,Frankfurt(Main)Hbf,2025-02-24 17:31:00,0,17,1,2025-02-24 17:00:00,2025-02-24 17:00:00,13.42,63.0,6.17,light rain,0.27,0.0
-1057492321374091038-2502241731,ICE 713,Wiesbaden Hbf,Mainz Hbf,2025-02-24 18:46:00,0,18,2,2025-02-24 18:00:00,2025-02-24 18:00:00,11.16,82.0,3.13,light rain,0.21,0.0
-1057492321374091038-2502241731,ICE 713,Wiesbaden Hbf,Frankfurt(Main)Hbf,2025-02-24 18:46:00,0,18,1,2025-02-24 18:00:00,2025-02-24 18:00:00,11.16,82.0,3.13,light rain,0.21,0.0
-1057492321374091038-2502241731,ICE 713,Mainz Hbf,Frankfurt(Main)Hbf,2025-02-24 18:57:00,0,18,1,2025-02-24 18:00:00,2025-02-24 18:00:00,11.27,80.0,4.63,overcast clouds,0.0,0.0
-1057492321374091038-2502251731,ICE 713,Köln Hbf,Wiesbaden Hbf,2025-02-25 17:31:00,1,17,4,2025-02-25 17:00:00,2025-02-25 17:00:00,11.66,73.0,2.57,light rain,0.15,0.0
-1057492321374091038-2502251731,ICE 713,Köln Hbf,Mainz Hbf,2025-02-25 17:31:00,1,17,6,2025-02-25 17:00:00,2025-02-25 17:00:00,11.66,73.0,2.57,light rain,0.15,0.0
-1057492321374091038-2502251731,ICE 713,Köln Hbf,Frankfurt(Main)Hbf,2025-02-25 17:31:00,1,17,3,2025-02-25 17:00:00,2025-02-25 17:00:00,11.66,73.0,2.57,light rain,0.15,0.0
-1057492321374091038-2502251731,ICE 713,Wiesbaden Hbf,Mainz Hbf,2025-02-25 18:46:00,1,18,6,2025-02-25 18:00:00,2025-02-25 18:00:00,9.3,96.0,1.79,light rain,0.75,0.0
-1057492321374091038-2502251731,ICE 713,Wiesbaden Hbf,Frankfurt(Main)Hbf,2025-02-25 18:46:00,1,18,3,2025-02-25 18:00:00,2025-02-25 18:00:00,9.3,96.0,1.79,light rain,0.75,0.0
-1057492321374091038-2502251731,ICE 713,Mainz Hbf,Frankfurt(Main)Hbf,2025-02-25 18:57:00,1,18,3,2025-02-25 18:00:00,2025-02-25 18:00:00,9.61,97.0,2.57,light rain,0.65,0.0
-1057492321374091038-2502261731,ICE 713,Köln Hbf,Wiesbaden Hbf,2025-02-26 17:31:00,2,17,39,2025-02-26 17:00:00,2025-02-26 17:00:00,10.2,60.0,3.6,few clouds,0.0,0.0
-1057492321374091038-2502261731,ICE 713,Köln Hbf,Mainz Hbf,2025-02-26 17:31:00,2,17,43,2025-02-26 17:00:00,2025-02-26 17:00:00,10.2,60.0,3.6,few clouds,0.0,0.0
-1057492321374091038-2502261731,ICE 713,Köln Hbf,Frankfurt(Main)Hbf,2025-02-26 17:31:00,2,17,41,2025-02-26 17:00:00,2025-02-26 17:00:00,10.2,60.0,3.6,few clouds,0.0,0.0
-1057492321374091038-2502261731,ICE 713,Wiesbaden Hbf,Mainz Hbf,2025-02-26 18:46:00,2,18,43,2025-02-26 18:00:00,2025-02-26 18:00:00,8.46,79.0,1.79,overcast clouds,0.0,0.0
-1057492321374091038-2502261731,ICE 713,Wiesbaden Hbf,Frankfurt(Main)Hbf,2025-02-26 18:46:00,2,18,41,2025-02-26 18:00:00,2025-02-26 18:00:00,8.46,79.0,1.79,overcast clouds,0.0,0.0
-1057492321374091038-2502261731,ICE 713,Mainz Hbf,Frankfurt(Main)Hbf,2025-02-26 18:57:00,2,18,41,2025-02-26 18:00:00,2025-02-26 18:00:00,8.36,80.0,2.57,clear sky,0.0,0.0
-1057492321374091038-2502271731,ICE 713,Köln Hbf,Wiesbaden Hbf,2025-02-27 17:31:00,3,17,0,2025-02-27 17:00:00,2025-02-27 17:00:00,5.89,88.0,2.06,broken clouds,0.0,0.0
-1057492321374091038-2502271731,ICE 713,Köln Hbf,Mainz Hbf,2025-02-27 17:31:00,3,17,2,2025-02-27 17:00:00,2025-02-27 17:00:00,5.89,88.0,2.06,broken clouds,0.0,0.0
-1057492321374091038-2502271731,ICE 713,Köln Hbf,Frankfurt(Main)Hbf,2025-02-27 17:31:00,3,17,0,2025-02-27 17:00:00,2025-02-27 17:00:00,5.89,88.0,2.06,broken clouds,0.0,0.0
-1057492321374091038-2502271731,ICE 713,Wiesbaden Hbf,Mainz Hbf,2025-02-27 18:46:00,3,18,2,2025-02-27 18:00:00,2025-02-27 18:00:00,8.33,68.0,2.24,broken clouds,0.0,0.0
-1057492321374091038-2502271731,ICE 713,Wiesbaden Hbf,Frankfurt(Main)Hbf,2025-02-27 18:46:00,3,18,0,2025-02-27 18:00:00,2025-02-27 18:00:00,8.33,68.0,2.24,broken clouds,0.0,0.0
-1057492321374091038-2502271731,ICE 713,Mainz Hbf,Frankfurt(Main)Hbf,2025-02-27 18:57:00,3,18,0,2025-02-27 18:00:00,2025-02-27 18:00:00,8.64,70.0,2.24,clear sky,0.0,0.0
-1057492321374091038-2502281731,ICE 713,Köln Hbf,Wiesbaden Hbf,2025-02-28 17:31:00,4,17,4,2025-02-28 17:00:00,2025-02-28 17:00:00,6.63,82.0,3.09,broken clouds,0.0,0.0
-1057492321374091038-2502281731,ICE 713,Köln Hbf,Mainz Hbf,2025-02-28 17:31:00,4,17,2,2025-02-28 17:00:00,2025-02-28 17:00:00,6.63,82.0,3.09,broken clouds,0.0,0.0
-1057492321374091038-2502281731,ICE 713,Köln Hbf,Frankfurt(Main)Hbf,2025-02-28 17:31:00,4,17,4,2025-02-28 17:00:00,2025-02-28 17:00:00,6.63,82.0,3.09,broken clouds,0.0,0.0
-1057492321374091038-2502281731,ICE 713,Wiesbaden Hbf,Mainz Hbf,2025-02-28 18:46:00,4,18,2,2025-02-28 18:00:00,2025-02-28 18:00:00,5.18,87.0,1.79,clear sky,0.0,0.0
-1057492321374091038-2502281731,ICE 713,Wiesbaden Hbf,Frankfurt(Main)Hbf,2025-02-28 18:46:00,4,18,4,2025-02-28 18:00:00,2025-02-28 18:00:00,5.18,87.0,1.79,clear sky,0.0,0.0
-1057492321374091038-2502281731,ICE 713,Mainz Hbf,Frankfurt(Main)Hbf,2025-02-28 18:57:00,4,18,4,2025-02-28 18:00:00,2025-02-28 18:00:00,5.01,91.0,1.79,clear sky,0.0,0.0
-1057492321374091038-2503021731,ICE 713,Köln Hbf,Wiesbaden Hbf,2025-03-02 17:31:00,6,17,4,2025-03-02 17:00:00,2025-03-02 17:00:00,10.29,52.0,1.03,clear sky,0.0,0.0
-1057492321374091038-2503021731,ICE 713,Köln Hbf,Mainz Hbf,2025-03-02 17:31:00,6,17,2,2025-03-02 17:00:00,2025-03-02 17:00:00,10.29,52.0,1.03,clear sky,0.0,0.0
-1057492321374091038-2503021731,ICE 713,Köln Hbf,Frankfurt(Main)Hbf,2025-03-02 17:31:00,6,17,1,2025-03-02 17:00:00,2025-03-02 17:00:00,10.29,52.0,1.03,clear sky,0.0,0.0
-1057492321374091038-2503021731,ICE 713,Wiesbaden Hbf,Mainz Hbf,2025-03-02 18:46:00,6,18,2,2025-03-02 18:00:00,2025-03-02 18:00:00,8.55,52.0,1.79,clear sky,0.0,0.0
-1057492321374091038-2503021731,ICE 713,Wiesbaden Hbf,Frankfurt(Main)Hbf,2025-03-02 18:46:00,6,18,1,2025-03-02 18:00:00,2025-03-02 18:00:00,8.55,52.0,1.79,clear sky,0.0,0.0
-1057492321374091038-2503021731,ICE 713,Mainz Hbf,Frankfurt(Main)Hbf,2025-03-02 18:57:00,6,18,1,2025-03-02 18:00:00,2025-03-02 18:00:00,8.85,52.0,3.6,clear sky,0.0,0.0
-1057492321374091038-2503031731,ICE 713,Köln Hbf,Wiesbaden Hbf,2025-03-03 17:31:00,0,17,11,2025-03-03 17:00:00,2025-03-03 17:00:00,11.92,40.0,1.03,clear sky,0.0,0.0
-1057492321374091038-2503031731,ICE 713,Köln Hbf,Mainz Hbf,2025-03-03 17:31:00,0,17,15,2025-03-03 17:00:00,2025-03-03 17:00:00,11.92,40.0,1.03,clear sky,0.0,0.0
-1057492321374091038-2503031731,ICE 713,Köln Hbf,Frankfurt(Main)Hbf,2025-03-03 17:31:00,0,17,5,2025-03-03 17:00:00,2025-03-03 17:00:00,11.92,40.0,1.03,clear sky,0.0,0.0
-1057492321374091038-2503031731,ICE 713,Wiesbaden Hbf,Mainz Hbf,2025-03-03 18:46:00,0,18,15,2025-03-03 18:00:00,2025-03-03 18:00:00,10.34,40.0,0.0,light rain,0.25,0.0
-1057492321374091038-2503031731,ICE 713,Wiesbaden Hbf,Frankfurt(Main)Hbf,2025-03-03 18:46:00,0,18,5,2025-03-03 18:00:00,2025-03-03 18:00:00,10.34,40.0,0.0,light rain,0.25,0.0
-1057492321374091038-2503031731,ICE 713,Mainz Hbf,Frankfurt(Main)Hbf,2025-03-03 18:57:00,0,18,5,2025-03-03 18:00:00,2025-03-03 18:00:00,10.09,42.0,3.09,clear sky,0.0,0.0
-1057492321374091038-2503041731,ICE 713,Köln Hbf,Wiesbaden Hbf,2025-03-04 17:31:00,1,17,4,2025-03-04 17:00:00,2025-03-04 17:00:00,13.48,30.0,0.84,overcast clouds,0.0,0.0
-1057492321374091038-2503041731,ICE 713,Köln Hbf,Mainz Hbf,2025-03-04 17:31:00,1,17,9,2025-03-04 17:00:00,2025-03-04 17:00:00,13.48,30.0,0.84,overcast clouds,0.0,0.0
-1057492321374091038-2503041731,ICE 713,Köln Hbf,Frankfurt(Main)Hbf,2025-03-04 17:31:00,1,17,1,2025-03-04 17:00:00,2025-03-04 17:00:00,13.48,30.0,0.84,overcast clouds,0.0,0.0
-1057492321374091038-2503041731,ICE 713,Wiesbaden Hbf,Mainz Hbf,2025-03-04 18:46:00,1,18,9,2025-03-04 18:00:00,2025-03-04 18:00:00,10.38,45.0,0.13,broken clouds,0.0,0.0
-1057492321374091038-2503041731,ICE 713,Wiesbaden Hbf,Frankfurt(Main)Hbf,2025-03-04 18:46:00,1,18,1,2025-03-04 18:00:00,2025-03-04 18:00:00,10.38,45.0,0.13,broken clouds,0.0,0.0
-1057492321374091038-2503041731,ICE 713,Mainz Hbf,Frankfurt(Main)Hbf,2025-03-04 18:57:00,1,18,1,2025-03-04 18:00:00,2025-03-04 18:00:00,10.35,46.0,2.06,clear sky,0.0,0.0
-1057492321374091038-2503051731,ICE 713,Köln Hbf,Wiesbaden Hbf,2025-03-05 17:31:00,2,17,8,2025-03-05 17:00:00,2025-03-05 17:00:00,16.63,29.0,3.09,clear sky,0.0,0.0
-1057492321374091038-2503051731,ICE 713,Köln Hbf,Mainz Hbf,2025-03-05 17:31:00,2,17,11,2025-03-05 17:00:00,2025-03-05 17:00:00,16.63,29.0,3.09,clear sky,0.0,0.0
-1057492321374091038-2503051731,ICE 713,Köln Hbf,Frankfurt(Main)Hbf,2025-03-05 17:31:00,2,17,5,2025-03-05 17:00:00,2025-03-05 17:00:00,16.63,29.0,3.09,clear sky,0.0,0.0
-1057492321374091038-2503051731,ICE 713,Wiesbaden Hbf,Mainz Hbf,2025-03-05 18:46:00,2,18,11,2025-03-05 18:00:00,2025-03-05 18:00:00,11.85,50.0,1.15,clear sky,0.0,0.0
-1057492321374091038-2503051731,ICE 713,Wiesbaden Hbf,Frankfurt(Main)Hbf,2025-03-05 18:46:00,2,18,5,2025-03-05 18:00:00,2025-03-05 18:00:00,11.85,50.0,1.15,clear sky,0.0,0.0
-1057492321374091038-2503051731,ICE 713,Mainz Hbf,Frankfurt(Main)Hbf,2025-03-05 18:57:00,2,18,5,2025-03-05 18:00:00,2025-03-05 18:00:00,11.63,48.0,2.06,clear sky,0.0,0.0
-1057492321374091038-2503061731,ICE 713,Köln Hbf,Wiesbaden Hbf,2025-03-06 17:31:00,3,17,8,2025-03-06 17:00:00,2025-03-06 17:00:00,18.73,30.0,5.14,clear sky,0.0,0.0
-1057492321374091038-2503061731,ICE 713,Köln Hbf,Mainz Hbf,2025-03-06 17:31:00,3,17,25,2025-03-06 17:00:00,2025-03-06 17:00:00,18.73,30.0,5.14,clear sky,0.0,0.0
-1057492321374091038-2503061731,ICE 713,Köln Hbf,Frankfurt(Main)Hbf,2025-03-06 17:31:00,3,17,12,2025-03-06 17:00:00,2025-03-06 17:00:00,18.73,30.0,5.14,clear sky,0.0,0.0
-1057492321374091038-2503061731,ICE 713,Wiesbaden Hbf,Mainz Hbf,2025-03-06 18:46:00,3,18,25,2025-03-06 18:00:00,2025-03-06 18:00:00,14.3,53.0,0.0,clear sky,0.0,0.0
-1057492321374091038-2503061731,ICE 713,Wiesbaden Hbf,Frankfurt(Main)Hbf,2025-03-06 18:46:00,3,18,12,2025-03-06 18:00:00,2025-03-06 18:00:00,14.3,53.0,0.0,clear sky,0.0,0.0
-1057492321374091038-2503061731,ICE 713,Mainz Hbf,Frankfurt(Main)Hbf,2025-03-06 18:57:00,3,18,12,2025-03-06 18:00:00,2025-03-06 18:00:00,14.49,53.0,0.0,clear sky,0.0,0.0
-1057492321374091038-2503071731,ICE 713,Köln Hbf,Wiesbaden Hbf,2025-03-07 17:31:00,4,17,4,2025-03-07 17:00:00,2025-03-07 17:00:00,18.51,33.0,2.06,clear sky,0.0,0.0
-1057492321374091038-2503071731,ICE 713,Köln Hbf,Mainz Hbf,2025-03-07 17:31:00,4,17,9,2025-03-07 17:00:00,2025-03-07 17:00:00,18.51,33.0,2.06,clear sky,0.0,0.0
-1057492321374091038-2503071731,ICE 713,Köln Hbf,Frankfurt(Main)Hbf,2025-03-07 17:31:00,4,17,10,2025-03-07 17:00:00,2025-03-07 17:00:00,18.51,33.0,2.06,clear sky,0.0,0.0
-1057492321374091038-2503071731,ICE 713,Wiesbaden Hbf,Mainz Hbf,2025-03-07 18:46:00,4,18,9,2025-03-07 18:00:00,2025-03-07 18:00:00,15.51,45.0,0.0,clear sky,0.0,0.0
-1057492321374091038-2503071731,ICE 713,Wiesbaden Hbf,Frankfurt(Main)Hbf,2025-03-07 18:46:00,4,18,10,2025-03-07 18:00:00,2025-03-07 18:00:00,15.51,45.0,0.0,clear sky,0.0,0.0
-1057492321374091038-2503071731,ICE 713,Mainz Hbf,Frankfurt(Main)Hbf,2025-03-07 18:57:00,4,18,10,2025-03-07 18:00:00,2025-03-07 18:00:00,15.34,47.0,2.57,clear sky,0.0,0.0
-1057492321374091038-2503091731,ICE 713,Köln Hbf,Wiesbaden Hbf,2025-03-09 17:31:00,6,17,2,2025-03-09 17:00:00,2025-03-09 17:00:00,18.75,27.0,3.09,clear sky,0.0,0.0
-1057492321374091038-2503091731,ICE 713,Köln Hbf,Mainz Hbf,2025-03-09 17:31:00,6,17,0,2025-03-09 17:00:00,2025-03-09 17:00:00,18.75,27.0,3.09,clear sky,0.0,0.0
-1057492321374091038-2503091731,ICE 713,Köln Hbf,Frankfurt(Main)Hbf,2025-03-09 17:31:00,6,17,15,2025-03-09 17:00:00,2025-03-09 17:00:00,18.75,27.0,3.09,clear sky,0.0,0.0
-1057492321374091038-2503091731,ICE 713,Wiesbaden Hbf,Mainz Hbf,2025-03-09 18:46:00,6,18,0,2025-03-09 18:00:00,2025-03-09 18:00:00,16.07,35.0,2.06,clear sky,0.0,0.0
-1057492321374091038-2503091731,ICE 713,Wiesbaden Hbf,Frankfurt(Main)Hbf,2025-03-09 18:46:00,6,18,15,2025-03-09 18:00:00,2025-03-09 18:00:00,16.07,35.0,2.06,clear sky,0.0,0.0
-1057492321374091038-2503091731,ICE 713,Mainz Hbf,Frankfurt(Main)Hbf,2025-03-09 18:57:00,6,18,15,2025-03-09 18:00:00,2025-03-09 18:00:00,15.92,42.0,3.6,clear sky,0.0,0.0
-1057492321374091038-2503101731,ICE 713,Köln Hbf,Wiesbaden Hbf,2025-03-10 17:31:00,0,17,3,2025-03-10 17:00:00,2025-03-10 17:00:00,17.51,34.0,2.57,clear sky,0.0,0.0
-1057492321374091038-2503101731,ICE 713,Köln Hbf,Mainz Hbf,2025-03-10 17:31:00,0,17,4,2025-03-10 17:00:00,2025-03-10 17:00:00,17.51,34.0,2.57,clear sky,0.0,0.0
-1057492321374091038-2503101731,ICE 713,Köln Hbf,Frankfurt(Main)Hbf,2025-03-10 17:31:00,0,17,3,2025-03-10 17:00:00,2025-03-10 17:00:00,17.51,34.0,2.57,clear sky,0.0,0.0
-1057492321374091038-2503101731,ICE 713,Wiesbaden Hbf,Mainz Hbf,2025-03-10 18:46:00,0,18,4,2025-03-10 18:00:00,2025-03-10 18:00:00,13.88,62.0,4.02,broken clouds,0.0,0.0
-1057492321374091038-2503101731,ICE 713,Wiesbaden Hbf,Frankfurt(Main)Hbf,2025-03-10 18:46:00,0,18,3,2025-03-10 18:00:00,2025-03-10 18:00:00,13.88,62.0,4.02,broken clouds,0.0,0.0
-1057492321374091038-2503101731,ICE 713,Mainz Hbf,Frankfurt(Main)Hbf,2025-03-10 18:57:00,0,18,3,2025-03-10 18:00:00,2025-03-10 18:00:00,13.98,67.0,4.12,broken clouds,0.0,0.0
-1057492321374091038-2503111731,ICE 713,Köln Hbf,Wiesbaden Hbf,2025-03-11 17:31:00,1,17,6,2025-03-11 17:00:00,2025-03-11 17:00:00,6.56,87.0,4.16,light rain,0.16,0.0
-1057492321374091038-2503111731,ICE 713,Köln Hbf,Mainz Hbf,2025-03-11 17:31:00,1,17,9,2025-03-11 17:00:00,2025-03-11 17:00:00,6.56,87.0,4.16,light rain,0.16,0.0
-1057492321374091038-2503111731,ICE 713,Köln Hbf,Frankfurt(Main)Hbf,2025-03-11 17:31:00,1,17,4,2025-03-11 17:00:00,2025-03-11 17:00:00,6.56,87.0,4.16,light rain,0.16,0.0
-1057492321374091038-2503111731,ICE 713,Wiesbaden Hbf,Mainz Hbf,2025-03-11 18:46:00,1,18,9,2025-03-11 18:00:00,2025-03-11 18:00:00,10.23,77.0,3.09,overcast clouds,0.0,0.0
-1057492321374091038-2503111731,ICE 713,Wiesbaden Hbf,Frankfurt(Main)Hbf,2025-03-11 18:46:00,1,18,4,2025-03-11 18:00:00,2025-03-11 18:00:00,10.23,77.0,3.09,overcast clouds,0.0,0.0
-1057492321374091038-2503111731,ICE 713,Mainz Hbf,Frankfurt(Main)Hbf,2025-03-11 18:57:00,1,18,4,2025-03-11 18:00:00,2025-03-11 18:00:00,10.37,82.0,5.14,overcast clouds,0.0,0.0
-1057492321374091038-2503121731,ICE 713,Köln Hbf,Wiesbaden Hbf,2025-03-12 17:31:00,2,17,2,2025-03-12 17:00:00,2025-03-12 17:00:00,7.71,60.0,2.06,few clouds,0.0,0.0
-1057492321374091038-2503121731,ICE 713,Köln Hbf,Mainz Hbf,2025-03-12 17:31:00,2,17,9,2025-03-12 17:00:00,2025-03-12 17:00:00,7.71,60.0,2.06,few clouds,0.0,0.0
-1057492321374091038-2503121731,ICE 713,Köln Hbf,Frankfurt(Main)Hbf,2025-03-12 17:31:00,2,17,2,2025-03-12 17:00:00,2025-03-12 17:00:00,7.71,60.0,2.06,few clouds,0.0,0.0
-1057492321374091038-2503121731,ICE 713,Wiesbaden Hbf,Mainz Hbf,2025-03-12 18:46:00,2,18,9,2025-03-12 18:00:00,2025-03-12 18:00:00,7.38,66.0,3.09,overcast clouds,0.0,0.0
-1057492321374091038-2503121731,ICE 713,Wiesbaden Hbf,Frankfurt(Main)Hbf,2025-03-12 18:46:00,2,18,2,2025-03-12 18:00:00,2025-03-12 18:00:00,7.38,66.0,3.09,overcast clouds,0.0,0.0
-1057492321374091038-2503121731,ICE 713,Mainz Hbf,Frankfurt(Main)Hbf,2025-03-12 18:57:00,2,18,2,2025-03-12 18:00:00,2025-03-12 18:00:00,7.63,70.0,3.09,overcast clouds,0.0,0.0
-1057492321374091038-2503131731,ICE 713,Köln Hbf,Wiesbaden Hbf,2025-03-13 17:31:00,3,17,2,2025-03-13 17:00:00,2025-03-13 17:00:00,7.86,58.0,1.03,broken clouds,0.0,0.0
-1057492321374091038-2503131731,ICE 713,Köln Hbf,Mainz Hbf,2025-03-13 17:31:00,3,17,3,2025-03-13 17:00:00,2025-03-13 17:00:00,7.86,58.0,1.03,broken clouds,0.0,0.0
-1057492321374091038-2503131731,ICE 713,Köln Hbf,Frankfurt(Main)Hbf,2025-03-13 17:31:00,3,17,26,2025-03-13 17:00:00,2025-03-13 17:00:00,7.86,58.0,1.03,broken clouds,0.0,0.0
-1057492321374091038-2503131731,ICE 713,Wiesbaden Hbf,Mainz Hbf,2025-03-13 18:46:00,3,18,3,2025-03-13 18:00:00,2025-03-13 18:00:00,5.33,84.0,0.45,moderate rain,0.9,0.0
-1057492321374091038-2503131731,ICE 713,Wiesbaden Hbf,Frankfurt(Main)Hbf,2025-03-13 18:46:00,3,18,26,2025-03-13 18:00:00,2025-03-13 18:00:00,5.33,84.0,0.45,moderate rain,0.9,0.0
-1057492321374091038-2503131731,ICE 713,Mainz Hbf,Frankfurt(Main)Hbf,2025-03-13 18:57:00,3,18,26,2025-03-13 18:00:00,2025-03-13 18:00:00,5.54,87.0,0.45,moderate rain,0.9,0.0
-1057492321374091038-2503141731,ICE 713,Köln Hbf,Wiesbaden Hbf,2025-03-14 17:31:00,4,17,6,2025-03-14 17:00:00,2025-03-14 17:00:00,7.23,58.0,3.6,few clouds,0.0,0.0
-1057492321374091038-2503141731,ICE 713,Köln Hbf,Mainz Hbf,2025-03-14 17:31:00,4,17,7,2025-03-14 17:00:00,2025-03-14 17:00:00,7.23,58.0,3.6,few clouds,0.0,0.0
-1057492321374091038-2503141731,ICE 713,Köln Hbf,Frankfurt(Main)Hbf,2025-03-14 17:31:00,4,17,1,2025-03-14 17:00:00,2025-03-14 17:00:00,7.23,58.0,3.6,few clouds,0.0,0.0
-1057492321374091038-2503141731,ICE 713,Wiesbaden Hbf,Mainz Hbf,2025-03-14 18:46:00,4,18,7,2025-03-14 18:00:00,2025-03-14 18:00:00,7.13,61.0,3.6,overcast clouds,0.0,0.0
-1057492321374091038-2503141731,ICE 713,Wiesbaden Hbf,Frankfurt(Main)Hbf,2025-03-14 18:46:00,4,18,1,2025-03-14 18:00:00,2025-03-14 18:00:00,7.13,61.0,3.6,overcast clouds,0.0,0.0
-1057492321374091038-2503141731,ICE 713,Mainz Hbf,Frankfurt(Main)Hbf,2025-03-14 18:57:00,4,18,1,2025-03-14 18:00:00,2025-03-14 18:00:00,7.49,64.0,4.63,overcast clouds,0.0,0.0
-1057492321374091038-2503161731,ICE 713,Köln Hbf,Wiesbaden Hbf,2025-03-16 17:31:00,6,17,1,2025-03-16 17:00:00,2025-03-16 17:00:00,9.79,43.0,4.63,clear sky,0.0,0.0
-1057492321374091038-2503161731,ICE 713,Köln Hbf,Mainz Hbf,2025-03-16 17:31:00,6,17,1,2025-03-16 17:00:00,2025-03-16 17:00:00,9.79,43.0,4.63,clear sky,0.0,0.0
-1057492321374091038-2503161731,ICE 713,Köln Hbf,Frankfurt(Main)Hbf,2025-03-16 17:31:00,6,17,5,2025-03-16 17:00:00,2025-03-16 17:00:00,9.79,43.0,4.63,clear sky,0.0,0.0
-1057492321374091038-2503161731,ICE 713,Wiesbaden Hbf,Mainz Hbf,2025-03-16 18:46:00,6,18,1,2025-03-16 18:00:00,2025-03-16 18:00:00,9.56,43.0,4.12,clear sky,0.0,0.0
-1057492321374091038-2503161731,ICE 713,Wiesbaden Hbf,Frankfurt(Main)Hbf,2025-03-16 18:46:00,6,18,5,2025-03-16 18:00:00,2025-03-16 18:00:00,9.56,43.0,4.12,clear sky,0.0,0.0
-1057492321374091038-2503161731,ICE 713,Mainz Hbf,Frankfurt(Main)Hbf,2025-03-16 18:57:00,6,18,5,2025-03-16 18:00:00,2025-03-16 18:00:00,9.87,42.0,5.66,clear sky,0.0,0.0
-1057492321374091038-2503171731,ICE 713,Köln Hbf,Wiesbaden Hbf,2025-03-17 17:31:00,0,17,1,2025-03-17 17:00:00,2025-03-17 17:00:00,10.89,29.0,4.12,clear sky,0.0,0.0
-1057492321374091038-2503171731,ICE 713,Köln Hbf,Mainz Hbf,2025-03-17 17:31:00,0,17,2,2025-03-17 17:00:00,2025-03-17 17:00:00,10.89,29.0,4.12,clear sky,0.0,0.0
-1057492321374091038-2503171731,ICE 713,Köln Hbf,Frankfurt(Main)Hbf,2025-03-17 17:31:00,0,17,1,2025-03-17 17:00:00,2025-03-17 17:00:00,10.89,29.0,4.12,clear sky,0.0,0.0
-1057492321374091038-2503171731,ICE 713,Wiesbaden Hbf,Mainz Hbf,2025-03-17 18:46:00,0,18,2,2025-03-17 18:00:00,2025-03-17 18:00:00,7.57,33.0,4.92,clear sky,0.0,0.0
-1057492321374091038-2503171731,ICE 713,Wiesbaden Hbf,Frankfurt(Main)Hbf,2025-03-17 18:46:00,0,18,1,2025-03-17 18:00:00,2025-03-17 18:00:00,7.57,33.0,4.92,clear sky,0.0,0.0
-1057492321374091038-2503171731,ICE 713,Mainz Hbf,Frankfurt(Main)Hbf,2025-03-17 18:57:00,0,18,1,2025-03-17 18:00:00,2025-03-17 18:00:00,7.81,32.0,7.2,clear sky,0.0,0.0
-1057492321374091038-2503181731,ICE 713,Köln Hbf,Wiesbaden Hbf,2025-03-18 17:31:00,1,17,38,2025-03-18 17:00:00,2025-03-18 17:00:00,12.16,22.0,5.14,clear sky,0.0,0.0
-1057492321374091038-2503181731,ICE 713,Köln Hbf,Mainz Hbf,2025-03-18 17:31:00,1,17,42,2025-03-18 17:00:00,2025-03-18 17:00:00,12.16,22.0,5.14,clear sky,0.0,0.0
-1057492321374091038-2503181731,ICE 713,Köln Hbf,Frankfurt(Main)Hbf,2025-03-18 17:31:00,1,17,35,2025-03-18 17:00:00,2025-03-18 17:00:00,12.16,22.0,5.14,clear sky,0.0,0.0
-1057492321374091038-2503181731,ICE 713,Wiesbaden Hbf,Mainz Hbf,2025-03-18 18:46:00,1,18,42,2025-03-18 18:00:00,2025-03-18 18:00:00,9.91,27.0,5.14,clear sky,0.0,0.0
-1057492321374091038-2503181731,ICE 713,Wiesbaden Hbf,Frankfurt(Main)Hbf,2025-03-18 18:46:00,1,18,35,2025-03-18 18:00:00,2025-03-18 18:00:00,9.91,27.0,5.14,clear sky,0.0,0.0
-1057492321374091038-2503181731,ICE 713,Mainz Hbf,Frankfurt(Main)Hbf,2025-03-18 18:57:00,1,18,35,2025-03-18 18:00:00,2025-03-18 18:00:00,10.02,26.0,5.14,clear sky,0.0,0.0
-1057492321374091038-2503191731,ICE 713,Köln Hbf,Wiesbaden Hbf,2025-03-19 17:31:00,2,17,44,2025-03-19 17:00:00,2025-03-19 17:00:00,17.59,31.0,3.09,clear sky,0.0,0.0
-1057492321374091038-2503191731,ICE 713,Köln Hbf,Mainz Hbf,2025-03-19 17:31:00,2,17,46,2025-03-19 17:00:00,2025-03-19 17:00:00,17.59,31.0,3.09,clear sky,0.0,0.0
-1057492321374091038-2503191731,ICE 713,Köln Hbf,Frankfurt(Main)Hbf,2025-03-19 17:31:00,2,17,75,2025-03-19 17:00:00,2025-03-19 17:00:00,17.59,31.0,3.09,clear sky,0.0,0.0
-1057492321374091038-2503191731,ICE 713,Wiesbaden Hbf,Mainz Hbf,2025-03-19 18:46:00,2,18,46,2025-03-19 18:00:00,2025-03-19 18:00:00,12.87,35.0,0.0,clear sky,0.0,0.0
-1057492321374091038-2503191731,ICE 713,Wiesbaden Hbf,Frankfurt(Main)Hbf,2025-03-19 18:46:00,2,18,75,2025-03-19 18:00:00,2025-03-19 18:00:00,12.87,35.0,0.0,clear sky,0.0,0.0
-1057492321374091038-2503191731,ICE 713,Mainz Hbf,Frankfurt(Main)Hbf,2025-03-19 18:57:00,2,18,75,2025-03-19 18:00:00,2025-03-19 18:00:00,12.87,34.0,2.06,clear sky,0.0,0.0
-1057492321374091038-2503201731,ICE 713,Köln Hbf,Wiesbaden Hbf,2025-03-20 17:31:00,3,17,33,2025-03-20 17:00:00,2025-03-20 17:00:00,18.92,41.0,1.03,clear sky,0.0,0.0
-1057492321374091038-2503201731,ICE 713,Köln Hbf,Mainz Hbf,2025-03-20 17:31:00,3,17,34,2025-03-20 17:00:00,2025-03-20 17:00:00,18.92,41.0,1.03,clear sky,0.0,0.0
-1057492321374091038-2503201731,ICE 713,Köln Hbf,Frankfurt(Main)Hbf,2025-03-20 17:31:00,3,17,28,2025-03-20 17:00:00,2025-03-20 17:00:00,18.92,41.0,1.03,clear sky,0.0,0.0
-1057492321374091038-2503201731,ICE 713,Wiesbaden Hbf,Mainz Hbf,2025-03-20 18:46:00,3,18,34,2025-03-20 18:00:00,2025-03-20 18:00:00,16.93,38.0,1.79,few clouds,0.0,0.0
-1057492321374091038-2503201731,ICE 713,Wiesbaden Hbf,Frankfurt(Main)Hbf,2025-03-20 18:46:00,3,18,28,2025-03-20 18:00:00,2025-03-20 18:00:00,16.93,38.0,1.79,few clouds,0.0,0.0
-1057492321374091038-2503201731,ICE 713,Mainz Hbf,Frankfurt(Main)Hbf,2025-03-20 18:57:00,3,18,28,2025-03-20 18:00:00,2025-03-20 18:00:00,16.95,38.0,2.57,clear sky,0.0,0.0
-1057492321374091038-2503211731,ICE 713,Köln Hbf,Wiesbaden Hbf,2025-03-21 17:31:00,4,17,0,2025-03-21 17:00:00,2025-03-21 17:00:00,22.17,27.0,5.66,clear sky,0.0,0.0
-1057492321374091038-2503211731,ICE 713,Köln Hbf,Mainz Hbf,2025-03-21 17:31:00,4,17,0,2025-03-21 17:00:00,2025-03-21 17:00:00,22.17,27.0,5.66,clear sky,0.0,0.0
-1057492321374091038-2503211731,ICE 713,Köln Hbf,Frankfurt(Main)Hbf,2025-03-21 17:31:00,4,17,0,2025-03-21 17:00:00,2025-03-21 17:00:00,22.17,27.0,5.66,clear sky,0.0,0.0
-1057492321374091038-2503211731,ICE 713,Wiesbaden Hbf,Mainz Hbf,2025-03-21 18:46:00,4,18,0,2025-03-21 18:00:00,2025-03-21 18:00:00,19.81,37.0,4.63,scattered clouds,0.0,0.0
-1057492321374091038-2503211731,ICE 713,Wiesbaden Hbf,Frankfurt(Main)Hbf,2025-03-21 18:46:00,4,18,0,2025-03-21 18:00:00,2025-03-21 18:00:00,19.81,37.0,4.63,scattered clouds,0.0,0.0
-1057492321374091038-2503211731,ICE 713,Mainz Hbf,Frankfurt(Main)Hbf,2025-03-21 18:57:00,4,18,0,2025-03-21 18:00:00,2025-03-21 18:00:00,19.85,41.0,5.66,scattered clouds,0.0,0.0
-1057492321374091038-2503231731,ICE 713,Köln Hbf,Wiesbaden Hbf,2025-03-23 17:31:00,6,17,3,2025-03-23 17:00:00,2025-03-23 17:00:00,17.01,61.0,1.03,few clouds,0.0,0.0
-1057492321374091038-2503231731,ICE 713,Köln Hbf,Mainz Hbf,2025-03-23 17:31:00,6,17,2,2025-03-23 17:00:00,2025-03-23 17:00:00,17.01,61.0,1.03,few clouds,0.0,0.0
-1057492321374091038-2503231731,ICE 713,Köln Hbf,Frankfurt(Main)Hbf,2025-03-23 17:31:00,6,17,6,2025-03-23 17:00:00,2025-03-23 17:00:00,17.01,61.0,1.03,few clouds,0.0,0.0
-1057492321374091038-2503231731,ICE 713,Wiesbaden Hbf,Mainz Hbf,2025-03-23 18:46:00,6,18,2,2025-03-23 18:00:00,2025-03-23 18:00:00,15.59,56.0,3.13,light intensity drizzle,0.39,0.0
-1057492321374091038-2503231731,ICE 713,Wiesbaden Hbf,Frankfurt(Main)Hbf,2025-03-23 18:46:00,6,18,6,2025-03-23 18:00:00,2025-03-23 18:00:00,15.59,56.0,3.13,light intensity drizzle,0.39,0.0
-1057492321374091038-2503231731,ICE 713,Mainz Hbf,Frankfurt(Main)Hbf,2025-03-23 18:57:00,6,18,6,2025-03-23 18:00:00,2025-03-23 18:00:00,15.9,63.0,3.13,light intensity drizzle,0.0,0.0
-1057492321374091038-2503241731,ICE 713,Köln Hbf,Wiesbaden Hbf,2025-03-24 17:31:00,0,17,0,2025-03-24 17:00:00,2025-03-24 17:00:00,16.26,63.0,4.63,clear sky,0.0,0.0
-1057492321374091038-2503241731,ICE 713,Köln Hbf,Mainz Hbf,2025-03-24 17:31:00,0,17,0,2025-03-24 17:00:00,2025-03-24 17:00:00,16.26,63.0,4.63,clear sky,0.0,0.0
-1057492321374091038-2503241731,ICE 713,Köln Hbf,Frankfurt(Main)Hbf,2025-03-24 17:31:00,0,17,2,2025-03-24 17:00:00,2025-03-24 17:00:00,16.26,63.0,4.63,clear sky,0.0,0.0
-1057492321374091038-2503241731,ICE 713,Wiesbaden Hbf,Mainz Hbf,2025-03-24 18:46:00,0,18,0,2025-03-24 18:00:00,2025-03-24 18:00:00,16.63,58.0,2.68,overcast clouds,0.0,0.0
-1057492321374091038-2503241731,ICE 713,Wiesbaden Hbf,Frankfurt(Main)Hbf,2025-03-24 18:46:00,0,18,2,2025-03-24 18:00:00,2025-03-24 18:00:00,16.63,58.0,2.68,overcast clouds,0.0,0.0
-1057492321374091038-2503241731,ICE 713,Mainz Hbf,Frankfurt(Main)Hbf,2025-03-24 18:57:00,0,18,2,2025-03-24 18:00:00,2025-03-24 18:00:00,16.37,61.0,4.12,broken clouds,0.0,0.0
-1057492321374091038-2503251731,ICE 713,Köln Hbf,Wiesbaden Hbf,2025-03-25 17:31:00,1,17,1,2025-03-25 17:00:00,2025-03-25 17:00:00,13.93,56.0,4.63,scattered clouds,0.0,0.0
-1057492321374091038-2503251731,ICE 713,Köln Hbf,Mainz Hbf,2025-03-25 17:31:00,1,17,2,2025-03-25 17:00:00,2025-03-25 17:00:00,13.93,56.0,4.63,scattered clouds,0.0,0.0
-1057492321374091038-2503251731,ICE 713,Köln Hbf,Frankfurt(Main)Hbf,2025-03-25 17:31:00,1,17,2,2025-03-25 17:00:00,2025-03-25 17:00:00,13.93,56.0,4.63,scattered clouds,0.0,0.0
-1057492321374091038-2503251731,ICE 713,Wiesbaden Hbf,Mainz Hbf,2025-03-25 18:46:00,1,18,2,2025-03-25 18:00:00,2025-03-25 18:00:00,14.77,46.0,3.13,overcast clouds,0.0,0.0
-1057492321374091038-2503251731,ICE 713,Wiesbaden Hbf,Frankfurt(Main)Hbf,2025-03-25 18:46:00,1,18,2,2025-03-25 18:00:00,2025-03-25 18:00:00,14.77,46.0,3.13,overcast clouds,0.0,0.0
-1057492321374091038-2503251731,ICE 713,Mainz Hbf,Frankfurt(Main)Hbf,2025-03-25 18:57:00,1,18,2,2025-03-25 18:00:00,2025-03-25 18:00:00,14.86,50.0,4.12,clear sky,0.0,0.0
-1057492321374091038-2503261731,ICE 713,Köln Hbf,Wiesbaden Hbf,2025-03-26 17:31:00,2,17,1,2025-03-26 17:00:00,2025-03-26 17:00:00,12.43,59.0,3.09,overcast clouds,0.0,0.0
-1057492321374091038-2503261731,ICE 713,Köln Hbf,Mainz Hbf,2025-03-26 17:31:00,2,17,2,2025-03-26 17:00:00,2025-03-26 17:00:00,12.43,59.0,3.09,overcast clouds,0.0,0.0
-1057492321374091038-2503261731,ICE 713,Köln Hbf,Frankfurt(Main)Hbf,2025-03-26 17:31:00,2,17,6,2025-03-26 17:00:00,2025-03-26 17:00:00,12.43,59.0,3.09,overcast clouds,0.0,0.0
-1057492321374091038-2503261731,ICE 713,Wiesbaden Hbf,Mainz Hbf,2025-03-26 18:46:00,2,18,2,2025-03-26 18:00:00,2025-03-26 18:00:00,11.15,69.0,2.68,scattered clouds,0.0,0.0
-1057492321374091038-2503261731,ICE 713,Wiesbaden Hbf,Frankfurt(Main)Hbf,2025-03-26 18:46:00,2,18,6,2025-03-26 18:00:00,2025-03-26 18:00:00,11.15,69.0,2.68,scattered clouds,0.0,0.0
-1057492321374091038-2503261731,ICE 713,Mainz Hbf,Frankfurt(Main)Hbf,2025-03-26 18:57:00,2,18,6,2025-03-26 18:00:00,2025-03-26 18:00:00,11.24,69.0,3.09,broken clouds,0.0,0.0
-1057492321374091038-2503271731,ICE 713,Köln Hbf,Wiesbaden Hbf,2025-03-27 17:31:00,3,17,7,2025-03-27 17:00:00,2025-03-27 17:00:00,15.27,42.0,2.06,clear sky,0.0,0.0
-1057492321374091038-2503271731,ICE 713,Köln Hbf,Mainz Hbf,2025-03-27 17:31:00,3,17,10,2025-03-27 17:00:00,2025-03-27 17:00:00,15.27,42.0,2.06,clear sky,0.0,0.0
-1057492321374091038-2503271731,ICE 713,Köln Hbf,Frankfurt(Main)Hbf,2025-03-27 17:31:00,3,17,3,2025-03-27 17:00:00,2025-03-27 17:00:00,15.27,42.0,2.06,clear sky,0.0,0.0
-1057492321374091038-2503271731,ICE 713,Wiesbaden Hbf,Mainz Hbf,2025-03-27 18:46:00,3,18,10,2025-03-27 18:00:00,2025-03-27 18:00:00,14.01,46.0,2.57,clear sky,0.0,0.0
-1057492321374091038-2503271731,ICE 713,Wiesbaden Hbf,Frankfurt(Main)Hbf,2025-03-27 18:46:00,3,18,3,2025-03-27 18:00:00,2025-03-27 18:00:00,14.01,46.0,2.57,clear sky,0.0,0.0
-1057492321374091038-2503271731,ICE 713,Mainz Hbf,Frankfurt(Main)Hbf,2025-03-27 18:57:00,3,18,3,2025-03-27 18:00:00,2025-03-27 18:00:00,14.57,44.0,3.09,clear sky,0.0,0.0
-1057492321374091038-2503281731,ICE 713,Köln Hbf,Wiesbaden Hbf,2025-03-28 17:31:00,4,17,1,2025-03-28 17:00:00,2025-03-28 17:00:00,17.56,42.0,3.6,clear sky,0.0,0.0
-1057492321374091038-2503281731,ICE 713,Köln Hbf,Mainz Hbf,2025-03-28 17:31:00,4,17,1,2025-03-28 17:00:00,2025-03-28 17:00:00,17.56,42.0,3.6,clear sky,0.0,0.0
-1057492321374091038-2503281731,ICE 713,Köln Hbf,Frankfurt(Main)Hbf,2025-03-28 17:31:00,4,17,11,2025-03-28 17:00:00,2025-03-28 17:00:00,17.56,42.0,3.6,clear sky,0.0,0.0
-1057492321374091038-2503281731,ICE 713,Wiesbaden Hbf,Mainz Hbf,2025-03-28 18:46:00,4,18,1,2025-03-28 18:00:00,2025-03-28 18:00:00,16.66,42.0,0.89,clear sky,0.0,0.0
-1057492321374091038-2503281731,ICE 713,Wiesbaden Hbf,Frankfurt(Main)Hbf,2025-03-28 18:46:00,4,18,11,2025-03-28 18:00:00,2025-03-28 18:00:00,16.66,42.0,0.89,clear sky,0.0,0.0
-1057492321374091038-2503281731,ICE 713,Mainz Hbf,Frankfurt(Main)Hbf,2025-03-28 18:57:00,4,18,11,2025-03-28 18:00:00,2025-03-28 18:00:00,16.67,49.0,2.06,clear sky,0.0,0.0
-1057492321374091038-2503301731,ICE 713,Köln Hbf,Wiesbaden Hbf,2025-03-30 17:31:00,6,17,3,2025-03-30 17:00:00,2025-03-30 17:00:00,14.4,48.0,9.26,scattered clouds,0.0,0.0
-1057492321374091038-2503301731,ICE 713,Köln Hbf,Mainz Hbf,2025-03-30 17:31:00,6,17,4,2025-03-30 17:00:00,2025-03-30 17:00:00,14.4,48.0,9.26,scattered clouds,0.0,0.0
-1057492321374091038-2503301731,ICE 713,Köln Hbf,Frankfurt(Main)Hbf,2025-03-30 17:31:00,6,17,0,2025-03-30 17:00:00,2025-03-30 17:00:00,14.4,48.0,9.26,scattered clouds,0.0,0.0
-1057492321374091038-2503301731,ICE 713,Wiesbaden Hbf,Mainz Hbf,2025-03-30 18:46:00,6,18,4,2025-03-30 18:00:00,2025-03-30 18:00:00,13.66,61.0,5.36,broken clouds,0.0,0.0
-1057492321374091038-2503301731,ICE 713,Wiesbaden Hbf,Frankfurt(Main)Hbf,2025-03-30 18:46:00,6,18,0,2025-03-30 18:00:00,2025-03-30 18:00:00,13.66,61.0,5.36,broken clouds,0.0,0.0
-1057492321374091038-2503301731,ICE 713,Mainz Hbf,Frankfurt(Main)Hbf,2025-03-30 18:57:00,6,18,0,2025-03-30 18:00:00,2025-03-30 18:00:00,13.76,66.0,6.17,broken clouds,0.0,0.0
-1057492321374091038-2503311731,ICE 713,Köln Hbf,Wiesbaden Hbf,2025-03-31 17:31:00,0,17,4,2025-03-31 17:00:00,2025-03-31 17:00:00,12.74,50.0,5.66,scattered clouds,0.0,0.0
-1057492321374091038-2503311731,ICE 713,Köln Hbf,Mainz Hbf,2025-03-31 17:31:00,0,17,8,2025-03-31 17:00:00,2025-03-31 17:00:00,12.74,50.0,5.66,scattered clouds,0.0,0.0
-1057492321374091038-2503311731,ICE 713,Köln Hbf,Frankfurt(Main)Hbf,2025-03-31 17:31:00,0,17,3,2025-03-31 17:00:00,2025-03-31 17:00:00,12.74,50.0,5.66,scattered clouds,0.0,0.0
-1057492321374091038-2503311731,ICE 713,Wiesbaden Hbf,Mainz Hbf,2025-03-31 18:46:00,0,18,8,2025-03-31 18:00:00,2025-03-31 18:00:00,12.77,43.0,4.02,overcast clouds,0.0,0.0
-1057492321374091038-2503311731,ICE 713,Wiesbaden Hbf,Frankfurt(Main)Hbf,2025-03-31 18:46:00,0,18,3,2025-03-31 18:00:00,2025-03-31 18:00:00,12.77,43.0,4.02,overcast clouds,0.0,0.0
-1057492321374091038-2503311731,ICE 713,Mainz Hbf,Frankfurt(Main)Hbf,2025-03-31 18:57:00,0,18,3,2025-03-31 18:00:00,2025-03-31 18:00:00,13.01,47.0,4.63,overcast clouds,0.0,0.0
-1057492321374091038-2504011731,ICE 713,Köln Hbf,Wiesbaden Hbf,2025-04-01 17:31:00,1,17,1,2025-04-01 17:00:00,2025-04-01 17:00:00,13.88,41.0,5.66,clear sky,0.0,0.0
